INSERT INTO library (id, name, url, catalog_url, city, region) VALUES (100, 'MZK', 'www.mzk.cz', 'vufind.mzk.cz', 'Brno', 'JM');
INSERT INTO library (id, name, url, catalog_url, city, region) VALUES (101, 'NLK', 'medvik.cz', 'medivk.cz', 'Praha', 'PR');
INSERT INTO library (id, name, url, catalog_url, city, region) VALUES (102, 'MKP', 'www.mlp.cz', 'search.mlp.cz', 'Praha', 'PR');
INSERT INTO library (id, name, url, catalog_url, city, region) VALUES (103, 'KJM', 'kjm.cz', 'https://katalog.kjm.cz', 'Brno', 'JM');
INSERT INTO library (id, name, url, catalog_url, city, region) VALUES (104, 'NKP', 'nkp.cz', 'aleph.nkp.cz', 'Praha', 'PR');
INSERT INTO library (id, name, url, catalog_url, city, region) VALUES (105, 'VPK', 'vpk.cz', 'vpk.cz', 'Praha', 'PR');
INSERT INTO library (id, name, url, catalog_url, city, region) VALUES (106, 'TRE', 'katalogknih.cz', 'vufind.katalogknih.c', 'Česká Třebová', 'PA');
INSERT INTO library (id, name, url, catalog_url, city, region) VALUES (107, 'NTK', 'techlib.cz', 'aleph.techlib.cz', 'Praha', 'PR');
INSERT INTO library (id, name, url, catalog_url, city, region) VALUES (108, 'KVKL', 'http://www.kvkli.cz/', 'pac.kvkli.cz/arl-li/', 'Liberec', 'LI');
INSERT INTO library (id, name, url, catalog_url, city) VALUES (109, 'VPK', 'vpk.cz', 'vpk.cz', 'Liberec');
INSERT INTO library (id, name, url, catalog_url, city) VALUES (110, 'ANTIKVARIATY', 'muj-antikvariat.cz', 'muj-antikvariat.cz', null);
INSERT INTO library (id, name, url, catalog_url, city, region) VALUES (111, 'VKTA', 'knihovnatabor.cz', 'vkta.cz/Clavius', 'Tábor', 'JC');
INSERT INTO library (id, name, url, catalog_url, city, region) VALUES (112, 'KKVY', 'kkvysociny.cz', 'kkvysociny.cz/clavius', 'Havlíčkův Brod', 'VY');
INSERT INTO library (id, name, url, catalog_url, city, region) VALUES (113, 'SVKHK', 'svkhk.cz', 'aleph2.svkhk.cz', 'Hradec Králové', 'KH');
INSERT INTO library (id, name, url, catalog_url, city, region) VALUES (114, 'SVKUL', 'svkul.cz', 'katalog.svkul.cz', 'Ústí nad Labem', 'US');
INSERT INTO library (id, name, url, catalog_url, city, region) VALUES (115, 'VKOL', 'vkol.cz', 'www.vkol.cz/cs/katalog/', 'Olomouc', 'OL');
INSERT INTO library (id, name, url, catalog_url, city) VALUES (116, 'CASLIN', 'caslin.cz', 'aleph.nkp.cz', NULL);
INSERT INTO library (id, name, url, catalog_url, city) VALUES (117, 'NKP2', 'nkp.cz', 'aleph.nkp.cz', 'Praha');
INSERT INTO library (id, name, url, catalog_url, city, region) VALUES (119, 'ANL', 'nkp.cz', 'aleph.nkp.cz', 'Bibliography', 'bibliography');
INSERT INTO library (id, name, url, catalog_url, city) VALUES (120, 'MZKNORMS', 'mzk.cz', 'aleph.mzk.cz', NULL);
INSERT INTO library (id, name, url, catalog_url, city, region) VALUES (121, 'SLK', 'nkp.cz', 'aleph.nkp.cz', 'Praha', 'PR');
INSERT INTO library (id, name, url, catalog_url, city) VALUES (122, 'KPSYS', '', '', 'KPSYS');
INSERT INTO library (id, name, url, catalog_url, city, region) VALUES (123, 'CNB', 'nkp.cz', 'aleph.nkp.cz', 'Praha', 'PR');
INSERT INTO library (id, name, url, catalog_url, city, region) VALUES (125, 'KKL', 'nkp.cz', 'aleph.nkp.cz', 'Praha', 'PR');
INSERT INTO library (id, name, url, catalog_url, city, region) VALUES (126, 'STT', 'nkp.cz', 'aleph.nkp.cz', 'Praha', 'PR');
INSERT INTO library (id, name, url, catalog_url, city) VALUES (127, 'OPENLIB', 'openlibrary.org', '', 'ebook');
INSERT INTO library (id, name, url, catalog_url, city, region) VALUES (128, 'CBVK', 'cbvk.cz', 'katalog.cbvk.cz', 'České Budějovice', 'JC');
INSERT INTO library (id, name, url, catalog_url, city) VALUES (129, 'VKTATEST', 'knihovnatabor.cz', 'vkta.cz/Clavius', 'Tábor');
INSERT INTO library (id, name, url, catalog_url, city, region) VALUES (130, 'KNAV', 'cas.cz', 'aleph.lib.cas.cz', 'Praha', 'PR');
INSERT INTO library (id, name, url, catalog_url, city, region) VALUES (131, 'BCBT', 'cas.cz', 'clavius.lib.cas.cz/katalog/', 'Bibliography', 'bibliography');
INSERT INTO library (id, name, url, catalog_url, city, region) VALUES (132, 'KKKV', 'knihovnakv.cz', 'katalog.kvary.cz', 'Karlovy Vary', 'KV');
INSERT INTO library (id, name, url, catalog_url, city, region) VALUES (133, 'KKPC', 'kkpce.cz', 'aleph.knihovna-pardubice.cz', 'Pardubice', 'PA');
INSERT INTO library (id, name, url, catalog_url, city, region) VALUES (134, 'MKKH', 'knihovna-kh.cz', 'kutnahora.knihovny.net:8080/Carmen/', 'Kutná Hora', 'SC');
INSERT INTO library (id, name, url, catalog_url, city, region) VALUES (135, 'SVKOS', 'svkos.cz', 'katalog.svkos.cz', 'Ostrava', 'MS');
INSERT INTO library (id, name, url, catalog_url, city, region) VALUES (136, 'SVKKL', 'svkkl.cz', 'ipac.svkkl.cz', 'Kladno', 'SC');
INSERT INTO library (id, name, url, catalog_url, city, region) VALUES (137, 'SVKPK', 'svkpl.cz', 'aleph.svkpl.cz', 'Plzeň', 'PL');
INSERT INTO library (id, name, url, catalog_url, city, region) VALUES (138, 'IIR', 'iir.cz', 'katalog.iir.cz:8080/Carmen/', 'Praha', 'PR');
INSERT INTO library (id, name, url, catalog_url, city) VALUES (139, 'MANUSCRIPTORIUM', 'www.manuscriptorium.com', 'www.manuscriptorium.com', NULL);
INSERT INTO library (id, name, url, catalog_url, city, region) VALUES (140, 'MKUO', 'knihovna-uo.cz', 'vufind.knihovna-uo.cz/vufind/', 'Ústí nad Orlicí', 'PA');
INSERT INTO library (id, name, url, catalog_url, city) VALUES (141, 'OSOBNOSTI', 'osobnostiregionu.cz', 'http://hledani.osobnostiregionu.cz/', NULL);
INSERT INTO library (id, name, url, catalog_url, city, region) VALUES (142, 'BMC', 'nlk.cz', 'www.medvik.cz/bmc/', 'Bibliography', 'bibliography');
INSERT INTO library (id, name, url, catalog_url, city, region) VALUES (143, 'KFBZ', 'kfbz.cz', 'katalog.kfbz.cz/', 'Zlín', 'ZL');
INSERT INTO library (id, name, url, catalog_url, city) VALUES (144, 'ZAKONY', 'zakonyprolidi.cz', '', NULL);
INSERT INTO library (id, name, url, catalog_url, city, region) VALUES (146, 'MKPR', 'http://knihovnaprerov.cz/', 'katalog.knihovnaprerov.cz/', 'Přerov', 'OL');
INSERT INTO library (id, name, url, catalog_url, city) VALUES (147, 'UPV', 'http://upv.cz/', 'https://isdv.upv.cz/webapp/pts.frm', NULL);
INSERT INTO library (id, name, url, catalog_url, city, region) VALUES (148, 'NPMK', 'http://npmk.cz/', 'http://katalog.npmk.cz/', 'Bibliography', 'bibliography');
INSERT INTO library (id, name, url, catalog_url, city, region) VALUES (149, 'MUZIBIB', 'https://www.lib.cas.cz/', '', 'Bibliography', 'bibliography');
INSERT INTO library (id, name, url, catalog_url, city, region) VALUES (150, 'MKCHODOV', 'https://www.knihovnachodov.cz/', 'https://www.knihovnachodov.cz/Katalog/', 'Chodov', 'KV');
INSERT INTO library (id, name, url, catalog_url, city) VALUES (151, 'LIBRARY', 'nkp.cz', '', NULL);
INSERT INTO library (id, name, url, catalog_url, city, region) VALUES (153, 'OKPB', 'http://www.okpb.cz', 'http://www.okpb.cz/clavius/', 'Opava', 'MS');
INSERT INTO library (id, name, url, catalog_url, city) VALUES (154, 'TDKIV', 'nkp.cz',' aleph.nkp.cz', null);
INSERT INTO library (id, name, url, catalog_url, city, region) VALUES (156, 'KJDPB', 'https://www.kjd.pb.cz/', 'http://gw.kjd.pb.cz:8080/', 'Příbram', 'SC');
INSERT INTO library (id, name, url, catalog_url, city) VALUES (157, 'AGROVOC', 'http://aims.fao.org', 'http://aims.fao.org', NULL);
INSERT INTO library (id, name, url, catalog_url, city, region) VALUES (158, 'KNIHBIB', 'https://www.lib.cas.cz/', 'https://www.lib.cas.cz/', 'Bibliography', 'bibliography');
INSERT INTO library (id, name, url, catalog_url, city, region) VALUES (159, 'UPOL', 'https://www.knihovna.upol.cz/', 'https://library.upol.cz/i2/i2.entry.cls', 'Olomouc', 'OL');
INSERT INTO library (id, name, url, catalog_url, city, region) VALUES (160, 'CELITEBIB', 'https://www.lib.cas.cz/', 'https://www.lib.cas.cz/', 'Bibliography', 'bibliography');
INSERT INTO library (id, name, url, catalog_url, city, region) VALUES (161, 'CVGZ', 'https://www.cvgz.cas.cz/', 'https://www.lib.cas.cz/', 'Brno', 'JM');
INSERT INTO library (id, name, url, catalog_url, city, region) VALUES (163, 'PKJAK', 'http://npmk.cz/', 'http://katalog.npmk.cz/', 'Praha', 'PR');
INSERT INTO library (id, name, url, catalog_url, city, region) VALUES (164, 'MKSVIT', 'http://www.booksy.cz/', 'https://booksy.tritius.cz/', 'Svitavy', 'PA');
INSERT INTO library (id, name, url, catalog_url, city, region) VALUES (165, 'DIVABIB', 'http://www.idu.cz/cs/bibliograficke-oddeleni', 'http://vis.idu.cz/Biblio.aspx', 'Bibliography', 'bibliography');
INSERT INTO library (id, name, url, catalog_url, city, region) VALUES (166, 'HISTOGRAFBIB', 'https://biblio.hiu.cas.cz/', 'https://biblio.hiu.cas.cz/search', 'Bibliography', 'bibliography');
INSERT INTO library (id, name, url, catalog_url, city, region) VALUES (168, 'MKFM', 'https://www.knihovnafm.cz/', 'http://katalog.mkmistek.cz:8080/Carmen/', 'Frýdek-Místek', 'MS');
INSERT INTO library (id, name, url, catalog_url, city, region) VALUES (169, 'RKKA', 'http://rkka.cz/', 'http://rkka.cz:8085/opac?dom=RKKA&fn=*SearchForm', 'Karvina', 'MS');
INSERT INTO library (id, name, url, catalog_url, city, region) VALUES (170, 'KNEP', 'http://www.knihovna.brandysnl.cz/', 'https://carmen.knihovna.brandysnl.cz/', 'Brandýs nad Labem', 'SC');
INSERT INTO library (id, name, url, catalog_url, city, region) VALUES (171, 'MKBREC', 'https://www.knihovnabreclav.cz/', 'https://breclav.knihovny.net/Carmen', 'Břeclav', 'JM');
INSERT INTO library (id, name, url, catalog_url, city, region) VALUES (172, 'CMUZ', 'http://muzeumcaslav.cz/knihovna/', 'http://caslav.knihovny.net/clavius/', 'Čáslav', 'SC');
INSERT INTO library (id, name, url, catalog_url, city, region) VALUES (173, 'MKCK', 'http://www.knih-ck.cz/', 'http://db.knih-ck.cz:8090/Carmen/', 'Český Krumlov', 'JC');
INSERT INTO library (id, name, url, catalog_url, city, region) VALUES (174, 'MKHOD', 'https://www.knihovnahod.cz/', 'https://hodonin.knihovny.net/katalog/', 'Hodonín', 'JM');
INSERT INTO library (id, name, url, catalog_url, city, region) VALUES (175, 'MKHNM', 'https://www.knihovnahradec.cz/', 'https://katalog.knihovnahradec.cz/katalog/', 'Hradec nad Moravicí', 'MS');
INSERT INTO library (id, name, url, catalog_url, city, region) VALUES (176, 'MKKL', 'https://www.mkkl.cz/', 'https://katalog.mkkl.cz/Carmen/', 'Kladno', 'SC');
INSERT INTO library (id, name, url, catalog_url, city, region) VALUES (177, 'MKHK', 'http://www.knihovnahk.cz/', 'https://katalog.kmhk.cz/Carmen/', 'Hradec Králové', 'KH');
INSERT INTO library (id, name, url, catalog_url, city, region) VALUES (178, 'MKMIL', 'https://www.knihmil.cz/', 'http://katalog.knihmil.cz/lanius/', 'Milevsko', 'JC');
INSERT INTO library (id, name, url, catalog_url, city, region) VALUES (179, 'MKOR', 'https://www.knihovna-orlova.cz/', 'https://orlova.knihovny.net/clavius/', 'Orlová Lutyně', 'MS');
INSERT INTO library (id, name, url, catalog_url, city, region) VALUES (180, 'MKPEL', 'http://www.knih-pe.cz/', 'http://online.knih-pe.cz/', 'Pelhřimov', 'VY');
INSERT INTO library (id, name, url, catalog_url, city, region) VALUES (181, 'MKPISEK', 'http://www.knih-pi.cz/', 'http://katalog.knih-pi.cz:8000/', 'Písek', 'JC');
INSERT INTO library (id, name, url, catalog_url, city, region) VALUES (182, 'MKSTER', 'https://www.mkzsternberk.cz/', 'http://sternberk.knihovny.net/katalog/', 'Šternberk', 'OL');
INSERT INTO library (id, name, url, catalog_url, city, region) VALUES (183, 'MKTRI', 'https://www.knihovnatrinec.cz/', 'https://katalog.knihovnatrinec.cz/clavius/', 'Třinec', 'MS');
INSERT INTO library (id, name, url, catalog_url, city, region) VALUES (184, 'MKZN', 'https://www.knihovnazn.cz/', 'https://baze.knihovnazn.cz/katalog/', 'Znojmo', 'JM');
INSERT INTO library (id, name, url, catalog_url, city, region) VALUES (185, 'VFU', 'https://sis.vfu.cz/', 'https://katalog.vfu.cz/Carmen/', 'Brno', 'JM');
INSERT INTO library (id, name, url, catalog_url, city, region) VALUES (186, 'MKML', 'https://knihovnaml.cz/', 'https://carmen.knihovnaml.cz/Carmen/', 'Mariánské Lázně', 'KV');
INSERT INTO library (id, name, url, catalog_url, city, region) VALUES (187, 'KNIR', 'https://knir.cz/', 'https://knir.cz/opacsql/', 'Rožnov pod Radhoštěm', 'ZL');
INSERT INTO library (id, name, url, catalog_url, city, region) VALUES (188, 'MKOSTROV', 'https://katalog.mkostrov.cz/', 'https://mkostrov.cz/', 'Ostrov', 'KV');
INSERT INTO library (id, name, url, catalog_url, city, region) VALUES (189, 'MKBER', 'https://www.knihovnaberoun.cz/', 'https://beroun.knihovny.net/Clavius/', 'Beroun', 'SC');
INSERT INTO library (id, name, url, catalog_url, city, region) VALUES (190, 'MKMOST', 'http://www.knihovnamost.cz/', 'https://most.tritius.cz/', 'Most', 'US');
INSERT INTO library (id, name, url, catalog_url, city, region) VALUES (191, 'UZEI', 'https://www.uzei.cz/', 'https://aleph.uzei.cz/', 'Praha', 'PR');
INSERT INTO library (id, name, url, catalog_url, city, region) VALUES (192, 'KKDVY', 'https://www.kkdvyskov.cz/', 'https://www.library.sk/arl-vy/', 'Vyškov', 'JM');
INSERT INTO library (id, name, url, catalog_url, city, region) VALUES (196, 'CZPB', 'https://kas.uzei.cz/', 'https://kas.uzei.cz/', 'Bibliography', 'bibliography');
INSERT INTO library (id, name, url, catalog_url, city, region) VALUES (197, 'MKTRUT', 'https://www.mktrutnov.cz/', 'https://trutnov.tritius.cz/', 'Trutnov', 'KH');
INSERT INTO library (id, name, url, catalog_url, city, region) VALUES (198, 'KNIHKM', 'https://www.knihkm.cz/', 'https://kromeriz.tritius.cz/', 'Kroměříž', 'ZL');
INSERT INTO library (id, name, url, catalog_url, city, region) VALUES (199, 'MKCHOM', 'https://www.chomutovskaknihovna.cz/', 'https://chomutovskaknihovna.tritius.cz/', 'Chomutov', 'US');
INSERT INTO library (id, name, url, catalog_url, city, region) VALUES (201, 'MKKOLIN', 'https://knihovnakolin.cz/', 'https://tritius.knihovnakolin.cz/', 'Kolin', 'SC');
INSERT INTO library (id, name, url, catalog_url, city, region) VALUES (202, 'MKPLZEN', 'https://knihovna.plzen.eu/', 'https://tritius.plzen.eu/', 'Plzeň', 'PL');
INSERT INTO library (id, name, url, catalog_url, city, region) VALUES (209, 'MKCL', 'http://www.knihovna-cl.cz/', 'https://tritius.knihovna-cl.cz/', 'Česká Lípa', 'LI');
INSERT INTO library (id, name, url, catalog_url, city, region) VALUES (210, 'MKSEM', 'https://www.knihovnasemily.cz', 'https://semily.tritius.cz/', 'Semily', 'LI');
INSERT INTO library (id, name, url, catalog_url, city, region) VALUES (211, 'MKJAR', 'http://www.knihovnajaromer.cz/', 'https://jaromer.tritius.cz/', 'Jaroměř', 'KH');
INSERT INTO library (id, name, url, catalog_url, city, region) VALUES (212, 'MKHOL', 'https://knihovna.holesov.info/', 'https://tritius.holesov.info/', 'Holešov', 'ZL');
INSERT INTO library (id, name, url, catalog_url, city, region) VALUES (213, 'BOOKPORT', 'https://www.bookport.cz/', '', null, 'ebook');
INSERT INTO library (id, name, url, catalog_url, city, region) VALUES (214, 'MUNIPRESS', 'https://www.press.muni.cz/', '', null, 'ebook');
INSERT INTO library (id, name, url, catalog_url, city, region) VALUES (215, 'MKKLAT', 'http://www.knih-kt.cz/', 'https://klatovy.tritius.cz/', 'Klatovy', 'PL');
INSERT INTO library (id, name, url, catalog_url, city) VALUES (400, 'AUTHORITY', 'nkp.cz', 'aleph.nkp.cz', NULL);
INSERT INTO library (id, name, url, catalog_url, city, region) VALUES (99027, 'KRAM-CUNI', '', '', '','kramerius');
INSERT INTO library (id, name, url, catalog_url, city, region) VALUES (99028, 'KRAM-CUNIFSV', '', '', '','kramerius');
INSERT INTO library (id, name, url, catalog_url, city, region) VALUES (99029, 'KRAM-CUNILF1', '', '', '','kramerius');
INSERT INTO library (id, name, url, catalog_url, city, region) VALUES (99030, 'KRAM-DIFMOE', '', '', '','kramerius');
INSERT INTO library (id, name, url, catalog_url, city, region) VALUES (99031, 'KRAM-DSMO', '', '', '','kramerius');
INSERT INTO library (id, name, url, catalog_url, city, region) VALUES (99032, 'KRAM-LMDA', '', '', '','kramerius');
INSERT INTO library (id, name, url, catalog_url, city, region) VALUES (99033, 'KRAM-MENDELU', '', '', '','kramerius');
INSERT INTO library (id, name, url, catalog_url, city, region) VALUES (99034, 'KRAM-MJH', '', '', '','kramerius');
INSERT INTO library (id, name, url, catalog_url, city, region) VALUES (99035, 'KRAM-MVCHK', '', '', '','kramerius');
INSERT INTO library (id, name, url, catalog_url, city, region) VALUES (99036, 'KRAM-NACR', '', '', '','kramerius');
INSERT INTO library (id, name, url, catalog_url, city, region) VALUES (99037, 'KRAM-NFA', '', '', '','kramerius');
INSERT INTO library (id, name, url, catalog_url, city, region) VALUES (99038, 'KRAM-NM', '', '', '','kramerius');
INSERT INTO library (id, name, url, catalog_url, city, region) VALUES (99039, 'KRAM-PKJAK', '', '', '','kramerius');
INSERT INTO library (id, name, url, catalog_url, city, region) VALUES (99040, 'KRAM-UPM', '', '', '','kramerius');
INSERT INTO library (id, name, url, catalog_url, city, region) VALUES (99041, 'KRAM-VSE', '', '', '','kramerius');
INSERT INTO library (id, name, url, catalog_url, city, region) VALUES (99042, 'KRAM-VSUP', '', '', '','kramerius');
INSERT INTO library (id, name, url, catalog_url, city, region) VALUES (99043, 'KRAM-VUGTK', '', '', '','kramerius');
INSERT INTO library (id, name, url, catalog_url, city, region) VALUES (99044, 'KRAM-ZCM', '', '', '','kramerius');
INSERT INTO library (id, name, url, catalog_url, city, region) VALUES (99045, 'KRAM-ZMP', '', '', '','kramerius');

INSERT INTO contact_person (id, library_id, name, email, phone) VALUES (200, 100, 'Jan Novak', 'jan.novak@neexistuje.cz', '728 123 456');

INSERT INTO format(format, description) VALUES('marc21-xml', 'MARC21 XML');
INSERT INTO format(format, description) VALUES('xml-marc', 'MARC21 XML');
INSERT INTO format(format, description) VALUES('marccpk', 'MARC21 XML');
INSERT INTO format(format, description) VALUES('oai_marcxml_cpk', 'MARC21 XML');
INSERT INTO format(format, description) VALUES('marc21e', 'MARC21 XML');
INSERT INTO format(format, description) VALUES('dublinCore', 'Dublin Core');
INSERT INTO format(format, description) VALUES('ese', 'Dublin Core');

INSERT INTO import_conf (id, library_id, contact_person_id, id_prefix, base_weight, cluster_id_enabled, filtering_enabled, interception_enabled, is_library, harvest_frequency, item_id, metaproxy_enabled, ziskej_enabled) VALUES (300, 100, 200, 'mzk', 13, true, true, true, true, 'D', 'aleph', true, true);
INSERT INTO import_conf (id, library_id, contact_person_id, id_prefix, base_weight, cluster_id_enabled, filtering_enabled, interception_enabled, is_library, harvest_frequency, item_id, metaproxy_enabled, ziskej_enabled) VALUES (301, 101, 200, 'nlk', 14, false, true, true, true, 'D', 'nlk', true, true);
INSERT INTO import_conf (id, library_id, contact_person_id, id_prefix, base_weight, cluster_id_enabled, filtering_enabled, interception_enabled, is_library, harvest_frequency, item_id, ziskej_enabled) VALUES (302, 102, 200, 'mkp', 8, false, true, true, true, 'D', 'other', true);
INSERT INTO import_conf (id, library_id, contact_person_id, id_prefix, base_weight, cluster_id_enabled, filtering_enabled, interception_enabled, is_library, harvest_frequency, item_id, ziskej_enabled) VALUES (303, 103, 200, 'kjm', 11, false, true, true, true, 'U', 'other', false);
INSERT INTO import_conf (id, library_id, contact_person_id, id_prefix, base_weight, cluster_id_enabled, filtering_enabled, interception_enabled, is_library, harvest_frequency, item_id, metaproxy_enabled, ziskej_enabled) VALUES (304, 104, 200, 'nkp', 14, true, true, true, true, 'D', 'aleph', true, true);
INSERT INTO import_conf (id, library_id, contact_person_id, id_prefix, base_weight, cluster_id_enabled, filtering_enabled, interception_enabled, is_library, harvest_frequency) VALUES (305, 105, 200, 'vpk', 14, false, false, false, true, 'U');
INSERT INTO import_conf (id, library_id, contact_person_id, id_prefix, base_weight, cluster_id_enabled, filtering_enabled, interception_enabled, is_library, harvest_frequency, item_id, ziskej_enabled) VALUES (306, 106, 200, 'tre', 11, false, true, true, true, 'D', 'tre', false);
INSERT INTO import_conf (id, library_id, contact_person_id, id_prefix, base_weight, cluster_id_enabled, filtering_enabled, interception_enabled, is_library, harvest_frequency, item_id, metaproxy_enabled, ziskej_enabled) VALUES (307, 107, 200, 'ntk', 14, false, true, true, true, 'D', 'aleph', true, true);
INSERT INTO import_conf (id, library_id, contact_person_id, id_prefix, base_weight, cluster_id_enabled, filtering_enabled, interception_enabled, is_library, harvest_frequency, item_id, metaproxy_enabled, ziskej_enabled) VALUES (308, 108, 200, 'kvkl', 13, false, true, true, true, 'D', 'other', true, false);
INSERT INTO import_conf (id, library_id, contact_person_id, id_prefix, base_weight, cluster_id_enabled, filtering_enabled, interception_enabled, is_library, harvest_frequency) VALUES (309, 109, 200, 'vpk', 14, false, false, false, true, 'U');
INSERT INTO import_conf (id, library_id, contact_person_id, id_prefix, base_weight, cluster_id_enabled, filtering_enabled, interception_enabled, is_library, harvest_frequency, item_id, ziskej_enabled) VALUES (311, 111, 200, 'vkta', 10, false, true, true, true, 'D', 'other', true);
INSERT INTO import_conf (id, library_id, contact_person_id, id_prefix, base_weight, cluster_id_enabled, filtering_enabled, interception_enabled, is_library, harvest_frequency, item_id, ziskej_enabled) VALUES (312, 112, 200, 'kkvy', 12, false, true, true, true, 'U', 'other', true);
INSERT INTO import_conf (id, library_id, contact_person_id, id_prefix, base_weight, cluster_id_enabled, filtering_enabled, interception_enabled, is_library, harvest_frequency, item_id, metaproxy_enabled, ziskej_enabled) VALUES (313, 113, 200, 'svkhk', 10, false, true, true, true, 'D', 'aleph', true, false);
INSERT INTO import_conf (id, library_id, contact_person_id, id_prefix, base_weight, cluster_id_enabled, filtering_enabled, interception_enabled, is_library, harvest_frequency, item_id, metaproxy_enabled, ziskej_enabled) VALUES (314, 114, 200, 'svkul', 13, false, true, true, true, 'D', 'svkul', true, true);
INSERT INTO import_conf (id, library_id, contact_person_id, id_prefix, base_weight, cluster_id_enabled, filtering_enabled, interception_enabled, is_library, harvest_frequency, item_id, metaproxy_enabled, ziskej_enabled) VALUES (315, 115, 200, 'vkol', 14, true, true, true, true, 'D', 'aleph', true, true);
INSERT INTO import_conf (id, library_id, contact_person_id, id_prefix, base_weight, cluster_id_enabled, filtering_enabled, interception_enabled, is_library, harvest_frequency, metaproxy_enabled, ziskej_enabled) VALUES (316, 116, 200, 'caslin', 11, false, true, true, false, 'D', true, false);
INSERT INTO import_conf (id, library_id, contact_person_id, id_prefix, base_weight, cluster_id_enabled, filtering_enabled, interception_enabled, is_library, harvest_frequency) VALUES (317, 117, 200, 'nkp2', 14, false, false, false, true, 'D');
INSERT INTO import_conf (id, library_id, contact_person_id, id_prefix, base_weight, cluster_id_enabled, filtering_enabled, interception_enabled, is_library, harvest_frequency, ziskej_enabled) VALUES (319, 119, 200, 'anl', 14, false, true, false, false, 'U', false);
INSERT INTO import_conf (id, library_id, contact_person_id, id_prefix, base_weight, cluster_id_enabled, filtering_enabled, interception_enabled, is_library, harvest_frequency) VALUES (320, 120, 200, 'unmz', 10, false, true, true, false, 'D');
INSERT INTO import_conf (id, library_id, contact_person_id, id_prefix, base_weight, cluster_id_enabled, filtering_enabled, interception_enabled, is_library, harvest_frequency, item_id, metaproxy_enabled, ziskej_enabled) VALUES (321, 104, 200, 'nkp', 10, false, true, true, true, 'U', 'aleph', true, false);
INSERT INTO import_conf (id, library_id, contact_person_id, id_prefix, base_weight, cluster_id_enabled, filtering_enabled, interception_enabled, is_library, harvest_frequency) VALUES (322, 122, 200, 'kpsys', 12, false, false, false, true, 'D');
INSERT INTO import_conf (id, library_id, contact_person_id, id_prefix, base_weight, cluster_id_enabled, filtering_enabled, interception_enabled, is_library, harvest_frequency) VALUES (323, 123, 200, 'cnb', 11, false, false, false, false, 'U');
INSERT INTO import_conf (id, library_id, contact_person_id, id_prefix, base_weight, cluster_id_enabled, filtering_enabled, interception_enabled, is_library, harvest_frequency, item_id, ziskej_enabled) VALUES (324, 100, 200, 'mzk', 13, true, true, true, true, 'D', 'aleph', true);
INSERT INTO import_conf (id, library_id, contact_person_id, id_prefix, base_weight, cluster_id_enabled, filtering_enabled, interception_enabled, is_library, harvest_frequency, item_id, metaproxy_enabled, ziskej_enabled) VALUES (325, 104, 200, 'nkp', 11, false, true, true, true, 'U', 'aleph', true, false);
INSERT INTO import_conf (id, library_id, contact_person_id, id_prefix, base_weight, cluster_id_enabled, filtering_enabled, interception_enabled, is_library, harvest_frequency, item_id, metaproxy_enabled, ziskej_enabled) VALUES (326, 104, 200, 'nkp', 11, false, true, true, true, 'U', 'aleph', true, false);
INSERT INTO import_conf (id, library_id, contact_person_id, id_prefix, base_weight, cluster_id_enabled, filtering_enabled, interception_enabled, is_library, harvest_frequency) VALUES (327, 127, 200, 'openlib', 8, false, true, true, false, 'U');
INSERT INTO import_conf (id, library_id, contact_person_id, id_prefix, base_weight, cluster_id_enabled, filtering_enabled, interception_enabled, is_library, harvest_frequency, item_id, metaproxy_enabled, ziskej_enabled) VALUES (328, 128, 200, 'cbvk', 13, false, true, true, true, 'D', 'other', true, false);
INSERT INTO import_conf (id, library_id, contact_person_id, id_prefix, base_weight, cluster_id_enabled, filtering_enabled, interception_enabled, is_library, harvest_frequency) VALUES (329, 129, 200, 'vktatest', 10, false, false, false, true, 'U');
INSERT INTO import_conf (id, library_id, contact_person_id, id_prefix, base_weight, cluster_id_enabled, filtering_enabled, interception_enabled, is_library, harvest_frequency, item_id, metaproxy_enabled, ziskej_enabled) VALUES (330, 130, 200, 'knav', 11, false, true, true, true, 'D', 'aleph', true, true);
INSERT INTO import_conf (id, library_id, contact_person_id, id_prefix, base_weight, cluster_id_enabled, filtering_enabled, interception_enabled, is_library, harvest_frequency,generate_dedup_keys, ziskej_enabled) VALUES (331, 131, 200, 'bcbt', 8, false, true, false, false, 'U',false, false);
INSERT INTO import_conf (id, library_id, contact_person_id, id_prefix, base_weight, cluster_id_enabled, filtering_enabled, interception_enabled, is_library, harvest_frequency, item_id, ziskej_enabled) VALUES (332, 132, 200, 'kkkv', 12, false, true, true, true, 'U', 'aleph', true);
INSERT INTO import_conf (id, library_id, contact_person_id, id_prefix, base_weight, cluster_id_enabled, filtering_enabled, interception_enabled, is_library, harvest_frequency, item_id, ziskej_enabled) VALUES (333, 133, 200, 'kkpc', 11, false, true, true, true, 'U', 'aleph', false);
INSERT INTO import_conf (id, library_id, contact_person_id, id_prefix, base_weight, cluster_id_enabled, filtering_enabled, interception_enabled, is_library, harvest_frequency, item_id, ziskej_enabled) VALUES (334, 134, 200, 'mkkh', 11, false, true, true, true, 'D', 'other', false);
INSERT INTO import_conf (id, library_id, contact_person_id, id_prefix, base_weight, cluster_id_enabled, filtering_enabled, interception_enabled, is_library, harvest_frequency, item_id, metaproxy_enabled, ziskej_enabled) VALUES (335, 135, 200, 'svkos', 13, false, true, true, true, 'U', 'aleph', true, true);
INSERT INTO import_conf (id, library_id, contact_person_id, id_prefix, base_weight, cluster_id_enabled, filtering_enabled, interception_enabled, is_library, harvest_frequency, item_id, metaproxy_enabled, ziskej_enabled) VALUES (336, 136, 200, 'svkkl', 13, false, true, true, true, 'D', 'other', true, false);
INSERT INTO import_conf (id, library_id, contact_person_id, id_prefix, base_weight, cluster_id_enabled, filtering_enabled, interception_enabled, is_library, harvest_frequency, item_id, metaproxy_enabled, ziskej_enabled) VALUES (337, 137, 200, 'svkpk', 14, false, true, true, true, 'U', 'aleph', true, false);
INSERT INTO import_conf (id, library_id, contact_person_id, id_prefix, base_weight, cluster_id_enabled, filtering_enabled, interception_enabled, is_library, harvest_frequency, item_id, metaproxy_enabled, ziskej_enabled) VALUES (338, 138, 200, 'iir', 12, false, true, true, true, 'D', 'other', true, false);
INSERT INTO import_conf (id, library_id, contact_person_id, id_prefix, base_weight, cluster_id_enabled, filtering_enabled, interception_enabled, is_library, harvest_frequency) VALUES (339, 139, 200, 'manuscript', 8, false, true, false, false, 'U');
INSERT INTO import_conf (id, library_id, contact_person_id, id_prefix, base_weight, cluster_id_enabled, filtering_enabled, interception_enabled, is_library, harvest_frequency, item_id, ziskej_enabled) VALUES (340, 140, 200, 'mkuo', 8, false, true, true, true, 'D', 'other', false);
INSERT INTO import_conf (id, library_id, contact_person_id, id_prefix, base_weight, cluster_id_enabled, filtering_enabled, interception_enabled, is_library, harvest_frequency,mapping_script,mapping_dedup_script) VALUES (341, 141, 200, 'osobnosti', 0, false, true, false, false, 'U', 'AuthorityMarc.groovy', 'AuthorityMergedBaseMarc.groovy');
INSERT INTO import_conf (id, library_id, contact_person_id, id_prefix, base_weight, cluster_id_enabled, filtering_enabled, interception_enabled, is_library, harvest_frequency, ziskej_enabled) VALUES (342, 142, 200, 'bmc', 8, false, true, true, false, 'D', false);
INSERT INTO import_conf (id, library_id, contact_person_id, id_prefix, base_weight, cluster_id_enabled, filtering_enabled, interception_enabled, is_library, harvest_frequency, item_id, metaproxy_enabled, ziskej_enabled) VALUES (343, 143, 200, 'kfbz', 12, false, true, true, true, 'D', 'other', true, true);
INSERT INTO import_conf (id, library_id, contact_person_id, id_prefix, base_weight, cluster_id_enabled, filtering_enabled, interception_enabled, is_library, harvest_frequency, generate_biblio_linker_keys) VALUES (344, 144, 200, 'zakony', 8, false, true, false, false, 'U', false);
INSERT INTO import_conf (id, library_id, contact_person_id, id_prefix, base_weight, cluster_id_enabled, filtering_enabled, interception_enabled, is_library, harvest_frequency) VALUES (345, 102, 200, 'mkpe', 8, false, true, false, true, 'U');
INSERT INTO import_conf (id, library_id, contact_person_id, id_prefix, base_weight, cluster_id_enabled, filtering_enabled, interception_enabled, is_library, harvest_frequency, item_id, ziskej_enabled) VALUES (346, 146, 200, 'mkpr', 9, false, true, true, true, 'U', 'other', false);
INSERT INTO import_conf (id, library_id, contact_person_id, id_prefix, base_weight, cluster_id_enabled, filtering_enabled, interception_enabled, is_library, harvest_frequency,generate_dedup_keys) VALUES (347, 147, 200, 'upv', 8, false, true, false, false, 'U',false);
INSERT INTO import_conf (id, library_id, contact_person_id, id_prefix, base_weight, cluster_id_enabled, filtering_enabled, interception_enabled, is_library, harvest_frequency, ziskej_enabled) VALUES (348, 148, 200, 'npmk', 11, false, true, false, false, 'U', false);
INSERT INTO import_conf (id, library_id, contact_person_id, id_prefix, base_weight, cluster_id_enabled, filtering_enabled, interception_enabled, is_library, harvest_frequency, ziskej_enabled) VALUES (349, 149, 200, 'muzibib', 11, false, true, false, false, 'U', false);
INSERT INTO import_conf (id, library_id, contact_person_id, id_prefix, base_weight, cluster_id_enabled, filtering_enabled, interception_enabled, is_library, harvest_frequency, item_id, ziskej_enabled) VALUES (350, 150, 200, 'mkchodov', 11, false, true, true, true, 'U', 'other', false);
INSERT INTO import_conf (id, library_id, contact_person_id, id_prefix, base_weight, cluster_id_enabled, filtering_enabled, interception_enabled, is_library, harvest_frequency, generate_dedup_keys, mapping_script, mapping_dedup_script) VALUES (351, 151, 200, 'library', 0, false, true, false, false, 'U', false, 'AdresarKnihovenLocal.groovy', 'AdresarKnihovenBaseMarc.groovy');
INSERT INTO import_conf (id, library_id, contact_person_id, id_prefix, base_weight, cluster_id_enabled, filtering_enabled, interception_enabled, is_library, harvest_frequency,mapping_script,generate_dedup_keys) VALUES (352,101,200,'mesh',0,false,false,false,false,'U',null,false);
INSERT INTO import_conf (id, library_id, contact_person_id, id_prefix, base_weight, cluster_id_enabled, filtering_enabled, interception_enabled, is_library, harvest_frequency, item_id, ziskej_enabled) VALUES (353, 153, 200, 'okpb', 12, false, true, true, true, 'U', 'other', false);
INSERT INTO import_conf (id, library_id, contact_person_id, id_prefix, base_weight, cluster_id_enabled, filtering_enabled, interception_enabled, is_library, harvest_frequency, mapping_script, generate_dedup_keys, mapping_dedup_script, generate_biblio_linker_keys) VALUES (354,154,200,'tdkiv',8,false,false,true,false,'U','DictionaryLocal.groovy',false,'DictionaryMerged.groovy',false);
INSERT INTO import_conf (id, library_id, contact_person_id, id_prefix, base_weight, cluster_id_enabled, filtering_enabled, interception_enabled, is_library, harvest_frequency, item_id, ziskej_enabled) VALUES (356, 156, 200, 'kjdpb', 12, false, true, true, true, 'U','other', true);
INSERT INTO import_conf (id, library_id, contact_person_id, id_prefix, base_weight, cluster_id_enabled, filtering_enabled, interception_enabled, is_library, harvest_frequency) VALUES (357, 157, 200, 'agrovoc', 0, false, false, false, false, 'U');
INSERT INTO import_conf (id, library_id, contact_person_id, id_prefix, base_weight, cluster_id_enabled, filtering_enabled, interception_enabled, is_library, harvest_frequenc, ziskej_enabledy) VALUES (358, 158, 200, 'knihbib', 11, false, true, false, false, 'U', false);
INSERT INTO import_conf (id, library_id, contact_person_id, id_prefix, base_weight, cluster_id_enabled, filtering_enabled, interception_enabled, is_library, harvest_frequency, ziskej_enabled) VALUES (359, 159, 200, 'upol', 11, false, true, false, true, 'U', false);
INSERT INTO import_conf (id, library_id, contact_person_id, id_prefix, base_weight, cluster_id_enabled, filtering_enabled, interception_enabled, is_library, harvest_frequency, ziskej_enabled) VALUES (360, 160, 200, 'celitebib', 11, false, true, true, false, 'U', false);
INSERT INTO import_conf (id, library_id, contact_person_id, id_prefix, base_weight, cluster_id_enabled, filtering_enabled, interception_enabled, is_library, harvest_frequency, ziskej_enabled) VALUES (361, 161, 200, 'cvgz', 11, false, true, false, true, 'U', false);
INSERT INTO import_conf (id, library_id, contact_person_id, id_prefix, base_weight, cluster_id_enabled, filtering_enabled, interception_enabled, is_library, harvest_frequency, ziskej_enabled) VALUES (362, 136, 200, 'klskcla', 11, false, true, true, true, 'U', false);
INSERT INTO import_conf (id, library_id, contact_person_id, id_prefix, base_weight, cluster_id_enabled, filtering_enabled, interception_enabled, is_library, harvest_frequency, item_id, ziskej_enabled) VALUES (363, 163, 200, 'pkjak', 11, false, true, true, true, 'U', 'other', false);
INSERT INTO import_conf (id, library_id, contact_person_id, id_prefix, base_weight, cluster_id_enabled, filtering_enabled, interception_enabled, is_library, harvest_frequency, item_id, ziskej_enabled) VALUES (364, 164, 200, 'mksvit', 11, false, true, true, true, 'U', 'other', false);
INSERT INTO import_conf (id, library_id, contact_person_id, id_prefix, base_weight, cluster_id_enabled, filtering_enabled, interception_enabled, is_library, harvest_frequency, ziskej_enabled) VALUES (365, 165, 200, 'divabib', 11, false, true, false, false, 'U', false);
INSERT INTO import_conf (id, library_id, contact_person_id, id_prefix, base_weight, cluster_id_enabled, filtering_enabled, interception_enabled, is_library, harvest_frequency, ziskej_enabled) VALUES (366, 166, 200, 'archbib', 11, false, true, true, false, 'U', false);
INSERT INTO import_conf (id, library_id, contact_person_id, id_prefix, base_weight, cluster_id_enabled, filtering_enabled, interception_enabled, is_library, harvest_frequency, ziskej_enabled) VALUES (367, 166, 200, 'czhistbib', 11, false, true, true, false, 'U', false);
INSERT INTO import_conf (id, library_id, contact_person_id, id_prefix, base_weight, cluster_id_enabled, filtering_enabled, interception_enabled, is_library, harvest_frequency, item_id, ziskej_enabled) VALUES (368, 168, 200, 'mkfm', 11, false, true, true, true, 'U', 'other', false);
INSERT INTO import_conf (id, library_id, contact_person_id, id_prefix, base_weight, cluster_id_enabled, filtering_enabled, interception_enabled, is_library, harvest_frequency, item_id, ziskej_enabled) VALUES (369, 169, 200, 'rkka', 11, false, true, true, true, 'U', 'other', false);
INSERT INTO import_conf (id, library_id, contact_person_id, id_prefix, base_weight, cluster_id_enabled, filtering_enabled, interception_enabled, is_library, harvest_frequency, item_id, ziskej_enabled) VALUES (370, 170, 200, 'knep', 11, false, true, true, true, 'U', 'other', true);
INSERT INTO import_conf (id, library_id, contact_person_id, id_prefix, base_weight, cluster_id_enabled, filtering_enabled, interception_enabled, is_library, harvest_frequency, item_id, ziskej_enabled) VALUES (371, 171, 200, 'mkbrec', 11, false, true, true, true, 'U', 'other', false);
INSERT INTO import_conf (id, library_id, contact_person_id, id_prefix, base_weight, cluster_id_enabled, filtering_enabled, interception_enabled, is_library, harvest_frequency, item_id, ziskej_enabled) VALUES (372, 172, 200, 'cmuz', 11, false, true, true, true, 'U', 'other', false);
INSERT INTO import_conf (id, library_id, contact_person_id, id_prefix, base_weight, cluster_id_enabled, filtering_enabled, interception_enabled, is_library, harvest_frequency, item_id, ziskej_enabled) VALUES (373, 173, 200, 'mkck', 11, false, true, true, true, 'U', 'other', false);
INSERT INTO import_conf (id, library_id, contact_person_id, id_prefix, base_weight, cluster_id_enabled, filtering_enabled, interception_enabled, is_library, harvest_frequency, item_id, ziskej_enabled) VALUES (374, 174, 200, 'mkhod', 11, false, true, true, true, 'U', 'other', false);
INSERT INTO import_conf (id, library_id, contact_person_id, id_prefix, base_weight, cluster_id_enabled, filtering_enabled, interception_enabled, is_library, harvest_frequency, item_id, ziskej_enabled) VALUES (375, 175, 200, 'mkhnm', 11, false, true, true, true, 'U', 'other', false);
INSERT INTO import_conf (id, library_id, contact_person_id, id_prefix, base_weight, cluster_id_enabled, filtering_enabled, interception_enabled, is_library, harvest_frequency, item_id, ziskej_enabled) VALUES (376, 176, 200, 'mkkl', 11, false, true, true, true, 'U', 'other', false);
INSERT INTO import_conf (id, library_id, contact_person_id, id_prefix, base_weight, cluster_id_enabled, filtering_enabled, interception_enabled, is_library, harvest_frequency, item_id, ziskej_enabled) VALUES (377, 177, 200, 'mkhk', 11, false, true, true, true, 'U', 'other', false);
INSERT INTO import_conf (id, library_id, contact_person_id, id_prefix, base_weight, cluster_id_enabled, filtering_enabled, interception_enabled, is_library, harvest_frequency, item_id, ziskej_enabled) VALUES (378, 178, 200, 'mkmil', 11, false, true, true, true, 'U', 'other', false);
INSERT INTO import_conf (id, library_id, contact_person_id, id_prefix, base_weight, cluster_id_enabled, filtering_enabled, interception_enabled, is_library, harvest_frequency, item_id, ziskej_enabled) VALUES (379, 179, 200, 'mkor', 11, false, true, true, true, 'U', 'other', false);
INSERT INTO import_conf (id, library_id, contact_person_id, id_prefix, base_weight, cluster_id_enabled, filtering_enabled, interception_enabled, is_library, harvest_frequency, item_id, ziskej_enabled) VALUES (380, 180, 200, 'mkpel', 11, false, true, true, true, 'U', 'other', false);
INSERT INTO import_conf (id, library_id, contact_person_id, id_prefix, base_weight, cluster_id_enabled, filtering_enabled, interception_enabled, is_library, harvest_frequency, item_id, ziskej_enabled) VALUES (381, 181, 200, 'mkpisek', 11, false, true, true, true, 'U', 'other', false);
INSERT INTO import_conf (id, library_id, contact_person_id, id_prefix, base_weight, cluster_id_enabled, filtering_enabled, interception_enabled, is_library, harvest_frequency, item_id, ziskej_enabled) VALUES (382, 182, 200, 'mkster', 11, false, true, true, true, 'U', 'other', false);
INSERT INTO import_conf (id, library_id, contact_person_id, id_prefix, base_weight, cluster_id_enabled, filtering_enabled, interception_enabled, is_library, harvest_frequency, item_id, ziskej_enabled) VALUES (383, 183, 200, 'mktri', 11, false, true, true, true, 'U', 'other', true);
INSERT INTO import_conf (id, library_id, contact_person_id, id_prefix, base_weight, cluster_id_enabled, filtering_enabled, interception_enabled, is_library, harvest_frequency, item_id, ziskej_enabled) VALUES (384, 184, 200, 'mkzn', 11, false, true, true, true, 'U', 'other', false);
INSERT INTO import_conf (id, library_id, contact_person_id, id_prefix, base_weight, cluster_id_enabled, filtering_enabled, interception_enabled, is_library, harvest_frequency, item_id, ziskej_enabled) VALUES (385, 185, 200, 'vfu', 11, false, true, true, true, 'U', 'other', false);
INSERT INTO import_conf (id, library_id, contact_person_id, id_prefix, base_weight, cluster_id_enabled, filtering_enabled, interception_enabled, is_library, harvest_frequency, item_id, ziskej_enabled) VALUES (386, 186, 200, 'mkml', 11, false, true, true, true, 'U', 'other', false);
INSERT INTO import_conf (id, library_id, contact_person_id, id_prefix, base_weight, cluster_id_enabled, filtering_enabled, interception_enabled, is_library, harvest_frequency, item_id, ziskej_enabled) VALUES (387, 187, 200, 'knir', 11, false, true, true, true, 'U', 'other', false);
INSERT INTO import_conf (id, library_id, contact_person_id, id_prefix, base_weight, cluster_id_enabled, filtering_enabled, interception_enabled, is_library, harvest_frequency, item_id, ziskej_enabled) VALUES (388, 188, 200, 'mkostrov', 11, false, true, true, true, 'U', 'other', true);
INSERT INTO import_conf (id, library_id, contact_person_id, id_prefix, base_weight, cluster_id_enabled, filtering_enabled, interception_enabled, is_library, harvest_frequency, item_id, ziskej_enabled) VALUES (389, 189, 200, 'mkber', 11, false, true, true, true, 'U', 'other', false);
INSERT INTO import_conf (id, library_id, contact_person_id, id_prefix, base_weight, cluster_id_enabled, filtering_enabled, interception_enabled, is_library, harvest_frequency, item_id, ziskej_enabled) VALUES (390, 190, 200, 'mkmost', 11, false, true, true, true, 'U', 'other', false);
INSERT INTO import_conf (id, library_id, contact_person_id, id_prefix, base_weight, cluster_id_enabled, filtering_enabled, interception_enabled, is_library, harvest_frequency, item_id, ziskej_enabled) VALUES (391, 191, 200, 'uzei', 11, false, true, true, true, 'U', 'aleph', false);
INSERT INTO import_conf (id, library_id, contact_person_id, id_prefix, base_weight, cluster_id_enabled, filtering_enabled, interception_enabled, is_library, harvest_frequency, item_id, ziskej_enabled) VALUES (392, 192, 200, 'kkdvy', 11, false, true, true, true, 'U', 'other', false);
INSERT INTO import_conf (id, library_id, contact_person_id, id_prefix, base_weight, cluster_id_enabled, filtering_enabled, interception_enabled, is_library, harvest_frequency, ziskej_enabled) VALUES (393, 142, 200, 'bmc', 8, false, true, true, false, 'U', false);
INSERT INTO import_conf (id, library_id, contact_person_id, id_prefix, base_weight, cluster_id_enabled, filtering_enabled, interception_enabled, is_library, harvest_frequency, ziskej_enabled) VALUES (396, 196, 200, 'czpb', 11, false, true, true, false, 'U', false);
INSERT INTO import_conf (id, library_id, contact_person_id, id_prefix, base_weight, cluster_id_enabled, filtering_enabled, interception_enabled, is_library, harvest_frequency, item_id, ziskej_enabled) VALUES (397, 197, 200, 'mktrut', 11, false, true, true, true, 'U', 'other', false);
INSERT INTO import_conf (id, library_id, contact_person_id, id_prefix, base_weight, cluster_id_enabled, filtering_enabled, interception_enabled, is_library, harvest_frequency, item_id, ziskej_enabled) VALUES (398, 198, 200, 'knihkm', 11, false, true, true, true, 'U', 'other', false);
INSERT INTO import_conf (id, library_id, contact_person_id, id_prefix, base_weight, cluster_id_enabled, filtering_enabled, interception_enabled, is_library, harvest_frequency, item_id, ziskej_enabled) VALUES (399, 199, 200, 'mkchom', 11, false, true, true, true, 'U', 'other', false);
INSERT INTO import_conf (id, library_id, contact_person_id, id_prefix, base_weight, cluster_id_enabled, filtering_enabled, interception_enabled, is_library, harvest_frequency,mapping_script,mapping_dedup_script) VALUES (400, 400, 200, 'auth', 0, false, true, false, false, 'D','AuthorityMarc.groovy', 'AuthorityMergedBaseMarc.groovy');
INSERT INTO import_conf (id, library_id, contact_person_id, id_prefix, base_weight, cluster_id_enabled, filtering_enabled, interception_enabled, is_library, harvest_frequency, item_id, ziskej_enabled) VALUES (401, 201, 200, 'mkkolin', 11, false, true, true, true, 'U', 'other', false);
INSERT INTO import_conf (id, library_id, contact_person_id, id_prefix, base_weight, cluster_id_enabled, filtering_enabled, interception_enabled, is_library, harvest_frequency, item_id, ziskej_enabled) VALUES (402, 202, 200, 'mkplzen', 11, false, true, true, true, 'U', 'other', false);
INSERT INTO import_conf (id, library_id, contact_person_id, id_prefix, base_weight, cluster_id_enabled, filtering_enabled, interception_enabled, is_library, harvest_frequency, item_id, ziskej_enabled) VALUES (403, 169, 200, 'rkka', 11, false, true, true, true, 'U', 'other', false);
INSERT INTO import_conf (id, library_id, contact_person_id, id_prefix, base_weight, cluster_id_enabled, filtering_enabled, interception_enabled, is_library, harvest_frequency, item_id, ziskej_enabled) VALUES (404, 169, 200, 'rkka', 11, false, true, true, true, 'U', 'other', false);
INSERT INTO import_conf (id, library_id, contact_person_id, id_prefix, base_weight, cluster_id_enabled, filtering_enabled, interception_enabled, is_library, harvest_frequency, item_id, ziskej_enabled) VALUES (405, 169, 200, 'rkka', 11, false, true, true, true, 'U', 'other', false);
INSERT INTO import_conf (id, library_id, contact_person_id, id_prefix, base_weight, cluster_id_enabled, filtering_enabled, interception_enabled, is_library, harvest_frequency, item_id, ziskej_enabled) VALUES (406, 169, 200, 'rkka', 11, false, true, true, true, 'U', 'other', false);
INSERT INTO import_conf (id, library_id, contact_person_id, id_prefix, base_weight, cluster_id_enabled, filtering_enabled, interception_enabled, is_library, harvest_frequency, item_id, ziskej_enabled) VALUES (407, 169, 200, 'rkka', 11, false, true, true, true, 'U', 'other', false);
INSERT INTO import_conf (id, library_id, contact_person_id, id_prefix, base_weight, cluster_id_enabled, filtering_enabled, interception_enabled, is_library, harvest_frequency, item_id, ziskej_enabled) VALUES (408, 169, 200, 'rkka', 11, false, true, true, true, 'U', 'other', false);
INSERT INTO import_conf (id, library_id, contact_person_id, id_prefix, base_weight, cluster_id_enabled, filtering_enabled, interception_enabled, is_library, harvest_frequency, item_id, ziskej_enabled) VALUES (409, 209, 200, 'mkcl', 11, false, true, true, true, 'U', 'other', false);
INSERT INTO import_conf (id, library_id, contact_person_id, id_prefix, base_weight, cluster_id_enabled, filtering_enabled, interception_enabled, is_library, harvest_frequency, item_id, ziskej_enabled) VALUES (410, 210, 200, 'mksem', 11, false, true, true, true, 'U', 'other', false);
INSERT INTO import_conf (id, library_id, contact_person_id, id_prefix, base_weight, cluster_id_enabled, filtering_enabled, interception_enabled, is_library, harvest_frequency, item_id, ziskej_enabled) VALUES (411, 211, 200, 'mkjar', 11, false, true, true, true, 'U', 'other', false);
INSERT INTO import_conf (id, library_id, contact_person_id, id_prefix, base_weight, cluster_id_enabled, filtering_enabled, interception_enabled, is_library, harvest_frequency, item_id, ziskej_enabled) VALUES (412, 212, 200, 'mkhol', 11, false, true, true, true, 'U', 'other', false);
INSERT INTO import_conf (id, library_id, contact_person_id, id_prefix, base_weight, cluster_id_enabled, filtering_enabled, interception_enabled, is_library, harvest_frequency) VALUES (413, 213, 200, 'bookport', 11, false, true, true, false, 'U');
INSERT INTO import_conf (id, library_id, contact_person_id, id_prefix, base_weight, cluster_id_enabled, filtering_enabled, interception_enabled, is_library, harvest_frequency) VALUES (414, 214, 200, 'munipress', 11, false, true, true, false, 'U');
INSERT INTO import_conf (id, library_id, contact_person_id, id_prefix, base_weight, cluster_id_enabled, filtering_enabled, interception_enabled, is_library, harvest_frequency, item_id, ziskej_enabled) VALUES (415, 215, 200, 'mkklat', 11, false, true, true, true, 'U', 'other', false);
INSERT INTO import_conf (id, library_id, contact_person_id, id_prefix, base_weight, cluster_id_enabled, filtering_enabled, interception_enabled, is_library, harvest_frequency) VALUES (500, 110, 200, 'antik', null, false, false, false, false, 'U');
INSERT INTO import_conf (id, library_id, contact_person_id, id_prefix, base_weight, cluster_id_enabled, filtering_enabled, interception_enabled, is_library, harvest_frequency, generate_biblio_linker_keys) VALUES (1300, 100, 200, 'sfxjibmzk', 8, false, false, false, true, 'U', false);
INSERT INTO import_conf (id, library_id, contact_person_id, id_prefix, base_weight, cluster_id_enabled, filtering_enabled, interception_enabled, is_library, harvest_frequency, generate_biblio_linker_keys) VALUES (1301, 101, 200, 'sfxjibnlk', 8, false, false, false, true, 'U', false);
INSERT INTO import_conf (id, library_id, contact_person_id, id_prefix, base_weight, cluster_id_enabled, filtering_enabled, interception_enabled, is_library, harvest_frequency, generate_biblio_linker_keys) VALUES (1302, 101, 200, 'sfxnlkper', 8, false, false, false, true, 'U', false);
INSERT INTO import_conf (id, library_id, contact_person_id, id_prefix, base_weight, cluster_id_enabled, filtering_enabled, interception_enabled, is_library, harvest_frequency, generate_biblio_linker_keys) VALUES (1304, 130, 200, 'sfxknav', 8, false, false, false, true, 'U', false);
INSERT INTO import_conf (id,library_id,contact_person_id,id_prefix,base_weight,cluster_id_enabled,filtering_enabled,interception_enabled,is_library,harvest_frequency,mapping_script,generate_dedup_keys,mapping_dedup_script, generate_biblio_linker_keys) VALUES (1305,104,200,'sfxjibnkp',8,false,false,false,true,'U','SfxMarcLocal.groovy',false,'SfxMarc.groovy', false);
INSERT INTO import_conf (id,library_id,contact_person_id,id_prefix,base_weight,cluster_id_enabled,filtering_enabled,interception_enabled,is_library,harvest_frequency,mapping_script,generate_dedup_keys,mapping_dedup_script, generate_biblio_linker_keys) VALUES (1306,115,200,'sfxjibvkol',8,false,false,false,true,'U','SfxMarcLocal.groovy',false,'SfxMarc.groovy', false);
INSERT INTO import_conf (id,library_id,contact_person_id,id_prefix,base_weight,cluster_id_enabled,filtering_enabled,interception_enabled,is_library,harvest_frequency,mapping_script,generate_dedup_keys,mapping_dedup_script, generate_biblio_linker_keys) VALUES (1307,128,200,'sfxjibcbvk',8,false,false,false,true,'U','SfxMarcLocal.groovy',false,'SfxMarc.groovy', false);
INSERT INTO import_conf (id,library_id,contact_person_id,id_prefix,base_weight,cluster_id_enabled,filtering_enabled,interception_enabled,is_library,harvest_frequency,mapping_script,generate_dedup_keys,mapping_dedup_script, generate_biblio_linker_keys) VALUES (1308,143,200,'sfxjibkfbz',8,false,false,false,true,'U','SfxMarcLocal.groovy',false,'SfxMarc.groovy', false);
INSERT INTO import_conf (id,library_id,contact_person_id,id_prefix,base_weight,cluster_id_enabled,filtering_enabled,interception_enabled,is_library,harvest_frequency,mapping_script,generate_dedup_keys,mapping_dedup_script, generate_biblio_linker_keys) VALUES (1309,108,200,'sfxjibkvkl',8,false,false,false,true,'U','SfxMarcLocal.groovy',false,'SfxMarc.groovy', false);
INSERT INTO import_conf (id,library_id,contact_person_id,id_prefix,base_weight,cluster_id_enabled,filtering_enabled,interception_enabled,is_library,harvest_frequency,mapping_script,generate_dedup_keys,mapping_dedup_script, generate_biblio_linker_keys) VALUES (1310,102,200,'sfxjibmkp',8,false,false,false,true,'U','SfxMarcLocal.groovy',false,'SfxMarc.groovy', false);
INSERT INTO import_conf (id,library_id,contact_person_id,id_prefix,base_weight,cluster_id_enabled,filtering_enabled,interception_enabled,is_library,harvest_frequency,mapping_script,generate_dedup_keys,mapping_dedup_script, generate_biblio_linker_keys) VALUES (1311,135,200,'sfxjibsvkos',8,false,false,false,true,'U','SfxMarcLocal.groovy',false,'SfxMarc.groovy', false);
INSERT INTO import_conf (id,library_id,contact_person_id,id_prefix,base_weight,cluster_id_enabled,filtering_enabled,interception_enabled,is_library,harvest_frequency,mapping_script,generate_dedup_keys,mapping_dedup_script, generate_biblio_linker_keys) VALUES (1312,113,200,'sfxjibsvkhk',8,false,false,false,true,'U','SfxMarcLocal.groovy',false,'SfxMarc.groovy', false);
INSERT INTO import_conf (id,library_id,contact_person_id,id_prefix,base_weight,cluster_id_enabled,filtering_enabled,interception_enabled,is_library,harvest_frequency,mapping_script,generate_dedup_keys,mapping_dedup_script, generate_biblio_linker_keys) VALUES (1313,130,200,'sfxjibknav',8,false,false,false,true,'U','SfxMarcLocal.groovy',false,'SfxMarc.groovy', false);
INSERT INTO import_conf (id,library_id,contact_person_id,id_prefix,base_weight,cluster_id_enabled,filtering_enabled,interception_enabled,is_library,harvest_frequency,mapping_script,generate_dedup_keys,mapping_dedup_script, generate_biblio_linker_keys) VALUES (1314,100,200,'sfxjibmzk',8,false,false,false,true,'U','SfxMarcLocal.groovy',false,'SfxMarc.groovy', false);
INSERT INTO import_conf (id,library_id,contact_person_id,id_prefix,base_weight,cluster_id_enabled,filtering_enabled,interception_enabled,is_library,harvest_frequency,mapping_script,generate_dedup_keys,mapping_dedup_script, generate_biblio_linker_keys) VALUES (1315,100,200,'sfxjibfree',8,false,false,false,true,'U','SfxMarcLocal.groovy',false,'SfxMarc.groovy', false);
INSERT INTO import_conf (id,library_id,contact_person_id,id_prefix,base_weight,cluster_id_enabled,filtering_enabled,interception_enabled,is_library,harvest_frequency,mapping_script,generate_dedup_keys,mapping_dedup_script, generate_biblio_linker_keys) VALUES (1316,101,200,'sfxjibnlk',8,false,true,false,true,'U','SfxMarcLocal.groovy',false,'SfxMarc.groovy', false);
INSERT INTO import_conf (id,library_id,contact_person_id,id_prefix,base_weight,cluster_id_enabled,filtering_enabled,interception_enabled,is_library,harvest_frequency,mapping_script,generate_dedup_keys,mapping_dedup_script, generate_biblio_linker_keys) VALUES (1318,107,200,'sfxjibntk',8,false,false,false,true,'U','SfxMarcLocal.groovy',false,'SfxMarc.groovy', false);
INSERT INTO import_conf (id,library_id,contact_person_id,id_prefix,base_weight,cluster_id_enabled,filtering_enabled,interception_enabled,is_library,harvest_frequency,mapping_script,generate_dedup_keys,mapping_dedup_script, generate_biblio_linker_keys) VALUES (1319,107,200,'sfxjibuochb',8,false,false,false,true,'U','SfxMarcLocal.groovy',false,'SfxMarc.groovy', false);
INSERT INTO import_conf (id,library_id,contact_person_id,id_prefix,base_weight,cluster_id_enabled,filtering_enabled,interception_enabled,is_library,harvest_frequency,mapping_script,generate_dedup_keys,mapping_dedup_script, generate_biblio_linker_keys) VALUES (1320,107,200,'sfxjibvscht',8,false,false,false,true,'U','SfxMarcLocal.groovy',false,'SfxMarc.groovy', false);
INSERT INTO import_conf (id,library_id,contact_person_id,id_prefix,base_weight,cluster_id_enabled,filtering_enabled,interception_enabled,is_library,harvest_frequency,mapping_script,generate_dedup_keys,mapping_dedup_script, generate_biblio_linker_keys) VALUES (1321,138,200,'sfxjibirel',8,false,false,false,true,'U','SfxMarcLocal.groovy',false,'SfxMarc.groovy', false);
INSERT INTO import_conf (id,library_id,contact_person_id,id_prefix,base_weight,cluster_id_enabled,filtering_enabled,interception_enabled,is_library,harvest_frequency,mapping_script,generate_dedup_keys,mapping_dedup_script, generate_biblio_linker_keys) VALUES (1322,137,200,'sfxjibsvkpk',8,false,false,false,true,'U','SfxMarcLocal.groovy',false,'SfxMarc.groovy', false);
INSERT INTO import_conf (id,library_id,contact_person_id,id_prefix,base_weight,cluster_id_enabled,filtering_enabled,interception_enabled,is_library,harvest_frequency,mapping_script,generate_dedup_keys,mapping_dedup_script, generate_biblio_linker_keys) VALUES (1323,104,200,'sfxjibmus',8,false,false,false,true,'U','SfxMarcLocal.groovy',false,'SfxMarc.groovy', false);
INSERT INTO import_conf (id,library_id,contact_person_id,id_prefix,base_weight,cluster_id_enabled,filtering_enabled,interception_enabled,is_library,harvest_frequency,mapping_script,generate_dedup_keys,mapping_dedup_script, generate_biblio_linker_keys) VALUES (1324,104,200,'sfxjibkiv',8,false,false,false,true,'U','SfxMarcLocal.groovy',false,'SfxMarc.groovy', false);
INSERT INTO import_conf (id,library_id,contact_person_id,id_prefix,base_weight,cluster_id_enabled,filtering_enabled,interception_enabled,is_library,harvest_frequency,mapping_script,generate_dedup_keys,mapping_dedup_script, generate_biblio_linker_keys) VALUES (1325,107,200,'sfxjibtech',8,false,false,false,true,'U','SfxMarcLocal.groovy',false,'SfxMarc.groovy', false);
INSERT INTO import_conf (id,library_id,contact_person_id,id_prefix,base_weight,cluster_id_enabled,filtering_enabled,interception_enabled,is_library,harvest_frequency,mapping_script,generate_dedup_keys,mapping_dedup_script, generate_biblio_linker_keys) VALUES (1326,177,200,'sfxjibmkhk',8,false,false,false,true,'U','SfxMarcLocal.groovy',false,'SfxMarc.groovy', false);
INSERT INTO import_conf (id,library_id,contact_person_id,id_prefix,base_weight,cluster_id_enabled,filtering_enabled,interception_enabled,is_library,harvest_frequency,mapping_script,generate_dedup_keys,mapping_dedup_script) VALUES (99001,100,200,'kram-mzk',null,false,true,false,true,'U',null,true,null);
INSERT INTO import_conf (id,library_id,contact_person_id,id_prefix,base_weight,cluster_id_enabled,filtering_enabled,interception_enabled,is_library,harvest_frequency,mapping_script,generate_dedup_keys,mapping_dedup_script,item_id) VALUES (99003,130,200,'kram-knav',8,false,true,false,true,'U',null,true,null,null);
INSERT INTO import_conf (id,library_id,contact_person_id,id_prefix,base_weight,cluster_id_enabled,filtering_enabled,interception_enabled,is_library,harvest_frequency,mapping_script,generate_dedup_keys,mapping_dedup_script,item_id) VALUES (99004,104,200,'kram-nkp', 8,false,true,false,true,'U',null,true,null,null);
INSERT INTO import_conf (id,library_id,contact_person_id,id_prefix,base_weight,cluster_id_enabled,filtering_enabled,interception_enabled,is_library,harvest_frequency,mapping_script,generate_dedup_keys,mapping_dedup_script,item_id) VALUES (99010,101,200,'kram-nlk',8,false,true,false,true,'U',null,true,null,null);
INSERT INTO import_conf (id,library_id,contact_person_id,id_prefix,base_weight,cluster_id_enabled,filtering_enabled,interception_enabled,is_library,harvest_frequency,mapping_script,generate_dedup_keys,mapping_dedup_script,item_id) VALUES (99011,114,200,'kram-svkul',8,false,true,false,true,'U',null,true,null,null);
INSERT INTO import_conf (id,library_id,contact_person_id,id_prefix,base_weight,cluster_id_enabled,filtering_enabled,interception_enabled,is_library,harvest_frequency,mapping_script,generate_dedup_keys,mapping_dedup_script,item_id) VALUES (99012,115,200,'kram-vkol',8,false,true,false,true,'U',null,true,null,null);
INSERT INTO import_conf (id,library_id,contact_person_id,id_prefix,base_weight,cluster_id_enabled,filtering_enabled,interception_enabled,is_library,harvest_frequency,mapping_script,generate_dedup_keys,mapping_dedup_script,item_id) VALUES (99013,128,200,'kram-cbvk',8,false,true,false,true,'U',null,true,null,null);
INSERT INTO import_conf (id,library_id,contact_person_id,id_prefix,base_weight,cluster_id_enabled,filtering_enabled,interception_enabled,is_library,harvest_frequency,mapping_script,generate_dedup_keys,mapping_dedup_script,item_id) VALUES (99014,113,200,'kram-svkhk',8,false,true,false,true,'U',null,true,null,null);
INSERT INTO import_conf (id,library_id,contact_person_id,id_prefix,base_weight,cluster_id_enabled,filtering_enabled,interception_enabled,is_library,harvest_frequency,mapping_script,generate_dedup_keys,mapping_dedup_script,item_id) VALUES (99015,102,200,'kram-mkp',8,false,true,false,true,'U',null,true,null,null);
INSERT INTO import_conf (id,library_id,contact_person_id,id_prefix,base_weight,cluster_id_enabled,filtering_enabled,interception_enabled,is_library,harvest_frequency,mapping_script,generate_dedup_keys,mapping_dedup_script,item_id) VALUES (99016,107,200,'kram-ntk',8,false,true,false,true,'U',null,true,null,null);
INSERT INTO import_conf (id,library_id,contact_person_id,id_prefix,base_weight,cluster_id_enabled,filtering_enabled,interception_enabled,is_library,harvest_frequency,mapping_script,generate_dedup_keys,mapping_dedup_script,item_id) VALUES (99017,191,200,'kram-uzei',8,false,true,false,true,'U',null,true,null,null);
INSERT INTO import_conf (id,library_id,contact_person_id,id_prefix,base_weight,cluster_id_enabled,filtering_enabled,interception_enabled,is_library,harvest_frequency,mapping_script,generate_dedup_keys,mapping_dedup_script,item_id) VALUES (99018,106,200,'kram-tre',8,false,true,false,true,'U',null,true,null,null);
INSERT INTO import_conf (id,library_id,contact_person_id,id_prefix,base_weight,cluster_id_enabled,filtering_enabled,interception_enabled,is_library,harvest_frequency,mapping_script,generate_dedup_keys,mapping_dedup_script,item_id) VALUES (99019,135,200,'kram-svkos',8,false,true,false,true,'U',null,true,null,null);
INSERT INTO import_conf (id,library_id,contact_person_id,id_prefix,base_weight,cluster_id_enabled,filtering_enabled,interception_enabled,is_library,harvest_frequency,mapping_script,generate_dedup_keys,mapping_dedup_script,item_id) VALUES (99020,132,200,'kram-kkkv',8,false,true,false,true,'U',null,true,null,null);
INSERT INTO import_conf (id,library_id,contact_person_id,id_prefix,base_weight,cluster_id_enabled,filtering_enabled,interception_enabled,is_library,harvest_frequency,mapping_script,generate_dedup_keys,mapping_dedup_script,item_id) VALUES (99021,108,200,'kram-kvkl',8,false,true,false,true,'U',null,true,null,null);
INSERT INTO import_conf (id,library_id,contact_person_id,id_prefix,base_weight,cluster_id_enabled,filtering_enabled,interception_enabled,is_library,harvest_frequency,mapping_script,generate_dedup_keys,mapping_dedup_script,item_id) VALUES (99022,137,200,'kram-svkpk',8,false,true,false,true,'U',null,true,null,null);
INSERT INTO import_conf (id,library_id,contact_person_id,id_prefix,base_weight,cluster_id_enabled,filtering_enabled,interception_enabled,is_library,harvest_frequency,mapping_script,generate_dedup_keys,mapping_dedup_script,item_id) VALUES (99023,143,200,'kram-kfbz',8,false,true,false,true,'U',null,true,null,null);
INSERT INTO import_conf (id,library_id,contact_person_id,id_prefix,base_weight,cluster_id_enabled,filtering_enabled,interception_enabled,is_library,harvest_frequency,mapping_script,generate_dedup_keys,mapping_dedup_script,item_id) VALUES (99024,136,200,'kram-svkkl',8,false,true,false,true,'U',null,true,null,null);
INSERT INTO import_conf (id,library_id,contact_person_id,id_prefix,base_weight,cluster_id_enabled,filtering_enabled,interception_enabled,is_library,harvest_frequency,mapping_script,generate_dedup_keys,mapping_dedup_script,item_id) VALUES (99025,112,200,'kram-kkvy',8,false,true,false,true,'U',null,true,null,null);
INSERT INTO import_conf (id,library_id,contact_person_id,id_prefix,base_weight,cluster_id_enabled,filtering_enabled,interception_enabled,is_library,harvest_frequency,mapping_script,generate_dedup_keys,mapping_dedup_script,item_id) VALUES (99026,133,200,'kram-kkpc',8,false,true,false,true,'U',null,true,null,null);
INSERT INTO import_conf (id,library_id,contact_person_id,id_prefix,base_weight,cluster_id_enabled,filtering_enabled,interception_enabled,is_library,harvest_frequency,mapping_script,generate_dedup_keys,mapping_dedup_script,item_id) VALUES (99027,99027,200,'kram-cuni',8,false,true,false,false,'U',null,true,null,null);
INSERT INTO import_conf (id,library_id,contact_person_id,id_prefix,base_weight,cluster_id_enabled,filtering_enabled,interception_enabled,is_library,harvest_frequency,mapping_script,generate_dedup_keys,mapping_dedup_script,item_id) VALUES (99028,99028,200,'kram-cunifsv',8,false,true,false,false,'U',null,true,null,null);
INSERT INTO import_conf (id,library_id,contact_person_id,id_prefix,base_weight,cluster_id_enabled,filtering_enabled,interception_enabled,is_library,harvest_frequency,mapping_script,generate_dedup_keys,mapping_dedup_script,item_id) VALUES (99029,99029,200,'kram-cunilf1',8,false,true,false,false,'U',null,true,null,null);
INSERT INTO import_conf (id,library_id,contact_person_id,id_prefix,base_weight,cluster_id_enabled,filtering_enabled,interception_enabled,is_library,harvest_frequency,mapping_script,generate_dedup_keys,mapping_dedup_script,item_id) VALUES (99030,99030,200,'kram-difmoe',8,false,true,false,false,'U',null,true,null,null);
INSERT INTO import_conf (id,library_id,contact_person_id,id_prefix,base_weight,cluster_id_enabled,filtering_enabled,interception_enabled,is_library,harvest_frequency,mapping_script,generate_dedup_keys,mapping_dedup_script,item_id) VALUES (99031,99031,200,'kram-dsmo',8,false,true,false,false,'U',null,true,null,null);
INSERT INTO import_conf (id,library_id,contact_person_id,id_prefix,base_weight,cluster_id_enabled,filtering_enabled,interception_enabled,is_library,harvest_frequency,mapping_script,generate_dedup_keys,mapping_dedup_script,item_id) VALUES (99032,99032,200,'kram-lmda',8,false,true,false,false,'U',null,true,null,null);
INSERT INTO import_conf (id,library_id,contact_person_id,id_prefix,base_weight,cluster_id_enabled,filtering_enabled,interception_enabled,is_library,harvest_frequency,mapping_script,generate_dedup_keys,mapping_dedup_script,item_id) VALUES (99033,99033,200,'kram-mendelu',8,false,true,false,false,'U',null,true,null,null);
INSERT INTO import_conf (id,library_id,contact_person_id,id_prefix,base_weight,cluster_id_enabled,filtering_enabled,interception_enabled,is_library,harvest_frequency,mapping_script,generate_dedup_keys,mapping_dedup_script,item_id) VALUES (99034,99034,200,'kram-mjh',8,false,true,false,false,'U',null,true,null,null);
INSERT INTO import_conf (id,library_id,contact_person_id,id_prefix,base_weight,cluster_id_enabled,filtering_enabled,interception_enabled,is_library,harvest_frequency,mapping_script,generate_dedup_keys,mapping_dedup_script,item_id) VALUES (99035,99035,200,'kram-mvchk',8,false,true,false,false,'U',null,true,null,null);
INSERT INTO import_conf (id,library_id,contact_person_id,id_prefix,base_weight,cluster_id_enabled,filtering_enabled,interception_enabled,is_library,harvest_frequency,mapping_script,generate_dedup_keys,mapping_dedup_script,item_id) VALUES (99036,99036,200,'kram-nacr',8,false,true,false,false,'U',null,true,null,null);
INSERT INTO import_conf (id,library_id,contact_person_id,id_prefix,base_weight,cluster_id_enabled,filtering_enabled,interception_enabled,is_library,harvest_frequency,mapping_script,generate_dedup_keys,mapping_dedup_script,item_id) VALUES (99037,99037,200,'kram-nfa',8,false,true,false,false,'U',null,true,null,null);
INSERT INTO import_conf (id,library_id,contact_person_id,id_prefix,base_weight,cluster_id_enabled,filtering_enabled,interception_enabled,is_library,harvest_frequency,mapping_script,generate_dedup_keys,mapping_dedup_script,item_id) VALUES (99038,99038,200,'kram-nm',8,false,true,false,false,'U',null,true,null,null);
INSERT INTO import_conf (id,library_id,contact_person_id,id_prefix,base_weight,cluster_id_enabled,filtering_enabled,interception_enabled,is_library,harvest_frequency,mapping_script,generate_dedup_keys,mapping_dedup_script,item_id) VALUES (99039,99039,200,'kram-pkjak',8,false,true,false,false,'U',null,true,null,null);
INSERT INTO import_conf (id,library_id,contact_person_id,id_prefix,base_weight,cluster_id_enabled,filtering_enabled,interception_enabled,is_library,harvest_frequency,mapping_script,generate_dedup_keys,mapping_dedup_script,item_id) VALUES (99040,99040,200,'kram-upm',8,false,true,false,false,'U',null,true,null,null);
INSERT INTO import_conf (id,library_id,contact_person_id,id_prefix,base_weight,cluster_id_enabled,filtering_enabled,interception_enabled,is_library,harvest_frequency,mapping_script,generate_dedup_keys,mapping_dedup_script,item_id) VALUES (99041,99041,200,'kram-vse',8,false,true,false,false,'U',null,true,null,null);
INSERT INTO import_conf (id,library_id,contact_person_id,id_prefix,base_weight,cluster_id_enabled,filtering_enabled,interception_enabled,is_library,harvest_frequency,mapping_script,generate_dedup_keys,mapping_dedup_script,item_id) VALUES (99042,99042,200,'kram-vsup',8,false,true,false,false,'U',null,true,null,null);
INSERT INTO import_conf (id,library_id,contact_person_id,id_prefix,base_weight,cluster_id_enabled,filtering_enabled,interception_enabled,is_library,harvest_frequency,mapping_script,generate_dedup_keys,mapping_dedup_script,item_id) VALUES (99043,99043,200,'kram-vugtk',8,false,true,false,false,'U',null,true,null,null);
INSERT INTO import_conf (id,library_id,contact_person_id,id_prefix,base_weight,cluster_id_enabled,filtering_enabled,interception_enabled,is_library,harvest_frequency,mapping_script,generate_dedup_keys,mapping_dedup_script,item_id) VALUES (99044,99044,200,'kram-zcm',8,false,true,false,false,'U',null,true,null,null);
INSERT INTO import_conf (id,library_id,contact_person_id,id_prefix,base_weight,cluster_id_enabled,filtering_enabled,interception_enabled,is_library,harvest_frequency,mapping_script,generate_dedup_keys,mapping_dedup_script,item_id) VALUES (99045,99045,200,'kram-zmp',8,false,true,false,false,'U',null,true,null,null);

INSERT INTO oai_harvest_conf (import_conf_id,url,set_spec,metadata_prefix,granularity) VALUES (300,'https://aleph.mzk.cz/OAI','MZK01-CPK','marc21','SECOND');
INSERT INTO oai_harvest_conf (import_conf_id,url,set_spec,metadata_prefix,granularity,harvest_job_name) VALUES (301,'http://oai.medvik.cz/medvik2cpk/oai',null,'xml-marc','DAY','oaiHarvestOneByOneJob');
INSERT INTO oai_harvest_conf (import_conf_id,url,set_spec,metadata_prefix,granularity) VALUES (302,'https://web2.mlp.cz/cgi/oaie','cpk','marc21e',null);
INSERT INTO oai_harvest_conf (import_conf_id,url,set_spec,metadata_prefix,granularity,extract_id_regex,harvest_job_name) VALUES (303,'https://katalog.kjm.cz/oai','KJMALL','oai_marcxml_cpk','DAY','s/[^:]+:[^:]+:([^\\/]+)\\/([^\\/]+)/$1_$2/','cosmotronHarvestJob');
INSERT INTO oai_harvest_conf (import_conf_id,url,set_spec,metadata_prefix,granularity) VALUES (304,'https://aleph.nkp.cz/OAI','NKC','marc21','SECOND');
INSERT INTO oai_harvest_conf (import_conf_id,url,set_spec,metadata_prefix,granularity) VALUES (305,'http://sc.vpk.cz/cgi-bin/oai2',null,'marc21',null);
INSERT INTO oai_harvest_conf (import_conf_id,url,set_spec,metadata_prefix,granularity,extract_id_regex) VALUES (306,'https://opac.moderniknihovna.cz/cgi-bin/koha/oai.pl','CPK','marccpk',NULL,'UOG505:(.*)');
INSERT INTO oai_harvest_conf (import_conf_id,url,set_spec,metadata_prefix,granularity) VALUES (307,'https://aleph.techlib.cz/OAI','CPK','marc21','SECOND');
INSERT INTO oai_harvest_conf (import_conf_id,url,set_spec,metadata_prefix,granularity,extract_id_regex) VALUES (308,'https://ipac.kvkli.cz/arl-li/cs/oai/','CPK','oai_marcxml_cpk',NULL,'s/[^:]+:[^:]+:[^:]+:(.+)/LiUsCat_$1/');
INSERT INTO oai_harvest_conf (import_conf_id,url,set_spec,metadata_prefix,granularity) VALUES (309,'http://sc.vpk.cz/cgi-bin/oai2',null,'marc21','SECOND');
INSERT INTO oai_harvest_conf (import_conf_id,url,set_spec,metadata_prefix,granularity,extract_id_regex) VALUES (311,'https://koha.knihovnatabor.cz/cgi-bin/koha/oai.pl','CPK','marccpk',NULL,'TAG001:(.*)');
INSERT INTO oai_harvest_conf (import_conf_id,url,set_spec,metadata_prefix,granularity) VALUES (312,'https://tritius.kkvysociny.cz/tritius/oai-provider','CPK_1','marc21',NULL);
INSERT INTO oai_harvest_conf (import_conf_id,url,set_spec,metadata_prefix,granularity) VALUES (313,'https://aleph.svkhk.cz/OAI','HKAOAI','marc21',NULL);
INSERT INTO oai_harvest_conf (import_conf_id,url,set_spec,metadata_prefix,granularity) VALUES (314,'https://katalog.svkul.cz/tritius/oai-provider','CPK_2','marc21',NULL);
INSERT INTO oai_harvest_conf (import_conf_id,url,set_spec,metadata_prefix,granularity) VALUES (315,'https://aleph.vkol.cz/OAI','VKOLOAI','marc21',NULL);
INSERT INTO oai_harvest_conf (import_conf_id,url,set_spec,metadata_prefix,granularity) VALUES (316,'https://aleph.nkp.cz/OAI','SKC','marc21',NULL);
INSERT INTO oai_harvest_conf (import_conf_id,url,set_spec,metadata_prefix,granularity) VALUES (317,'http://aleph.nkp.cz/OAI','NKC-CPK','marc21',NULL);
INSERT INTO oai_harvest_conf (import_conf_id,url,set_spec,metadata_prefix,granularity) VALUES (319,'https://aleph.nkp.cz/OAI','ANL','marc21',NULL);
INSERT INTO oai_harvest_conf (import_conf_id,url,set_spec,metadata_prefix,granularity,extract_id_regex) VALUES (320,'https://aleph.mzk.cz/OAI','MZK04','marc21',NULL,'[^:]+:[^:]+:MZK04-(.*)');
INSERT INTO oai_harvest_conf (import_conf_id,url,set_spec,metadata_prefix,granularity) VALUES (321,'https://aleph.nkp.cz/OAI','SLK-CPK','marc21',NULL);
INSERT INTO oai_harvest_conf (import_conf_id,url,set_spec,metadata_prefix,granularity) VALUES (322,'http://portaro.eu/pracovni/api/oai','0','marc21',NULL);
INSERT INTO oai_harvest_conf (import_conf_id,url,set_spec,metadata_prefix,granularity) VALUES (323,'http://aleph.nkp.cz/OAI','CNB','marc21',NULL);
INSERT INTO oai_harvest_conf (import_conf_id,url,set_spec,metadata_prefix,granularity) VALUES (324,'https://aleph.mzk.cz/OAI','MZK03-CPK','marc21','SECOND');
INSERT INTO oai_harvest_conf (import_conf_id,url,set_spec,metadata_prefix,granularity) VALUES (325,'https://aleph.nkp.cz/OAI','KKL-CPK','marc21',NULL);
INSERT INTO oai_harvest_conf (import_conf_id,url,set_spec,metadata_prefix,granularity) VALUES (326,'https://aleph.nkp.cz/OAI','STT-CPK','marc21',NULL);
INSERT INTO oai_harvest_conf (import_conf_id,url,set_spec,metadata_prefix,granularity) VALUES (327,NULL,NULL,'mahttps://tritius.kkvysociny.cz/tritius/oai-providerrc21',NULL);
INSERT INTO oai_harvest_conf (import_conf_id,url,set_spec,metadata_prefix,granularity,extract_id_regex) VALUES (328,'https://katalog.cbvk.cz/i2/i2.ws.oai.cls','CPK1','oai_marcxml_cpk',NULL,'s/[^:]+:[^:]+:([^\\/]+)\\/([^\\/]+)/$1_$2/');
INSERT INTO oai_harvest_conf (import_conf_id,url,set_spec,metadata_prefix,granularity) VALUES (329,'http://www.clavius.sk/carmentest/l.dll','CPK','marc21',NULL);
INSERT INTO oai_harvest_conf (import_conf_id,url,set_spec,metadata_prefix,granularity) VALUES (330,'https://aleph.lib.cas.cz/OAI','KNA','marc21',NULL);
INSERT INTO oai_harvest_conf (import_conf_id,url,set_spec,metadata_prefix,granularity) VALUES (331,NULL,NULL,'marc21',NULL);
INSERT INTO oai_harvest_conf (import_conf_id,url,set_spec,metadata_prefix,granularity) VALUES (333,'https://aleph.knihovna-pardubice.cz/OAI','PAG_OAI_CPK_MARC21','marc21',NULL);
INSERT INTO oai_harvest_conf (import_conf_id,url,set_spec,metadata_prefix,granularity) VALUES (334,'https://kutnahora.tritius.cz/tritius/oai-provider','CPK_1','marc21',NULL);
INSERT INTO oai_harvest_conf (import_conf_id,url,set_spec,metadata_prefix,granularity) VALUES (335,'https://katalog.svkos.cz/OAI','MZK-CPK','marc21',NULL);
INSERT INTO oai_harvest_conf (import_conf_id,url,set_spec,metadata_prefix,granularity,extract_id_regex) VALUES (336,'https://ipac.svkkl.cz/i2/i2.ws.oai.cls','CPK1','oai_marcxml_cpk',NULL,'s/[^:]+:[^:]+:([^\\/]+)\\/([^\\/]+)/$1_$2/');
INSERT INTO oai_harvest_conf (import_conf_id,url,set_spec,metadata_prefix,granularity) VALUES (337,'https://aleph.svkpk.cz/OAI','PNA01-CPK-MARC21','marc21',NULL);
INSERT INTO oai_harvest_conf (import_conf_id,url,set_spec,metadata_prefix,granularity) VALUES (338,'http://katalogold.iir.cz:81/l.dll','CPK','marc21',NULL);
INSERT INTO oai_harvest_conf (import_conf_id,url,set_spec,metadata_prefix,granularity) VALUES (339,'http://dbase.aipberoun.cz/manu3/oai/','digitized-xr','ese',NULL);
INSERT INTO oai_harvest_conf (import_conf_id,url,set_spec,metadata_prefix,granularity,extract_id_regex) VALUES (340,'https://katalog-usti.knihovna-uo.cz/cgi-bin/koha/oai.pl','CPK','marccpk',NULL,'UOG001:(.*)');
INSERT INTO oai_harvest_conf (import_conf_id,url,set_spec,metadata_prefix,granularity,harvest_job_name) VALUES (342,'http://oai.medvik.cz/bmc/oai','3','xml-marc',NULL,'oaiHarvestOneByOneJob');
INSERT INTO oai_harvest_conf (import_conf_id,url,set_spec,metadata_prefix,granularity) VALUES (343,'https://katalog.kfbz.cz/api/oai','default','marc21',NULL);
INSERT INTO oai_harvest_conf (import_conf_id,url,set_spec,metadata_prefix,granularity, extract_id_regex, harvest_job_name) VALUES (345, 'https://web2.mlp.cz/cgi/oaie', 'ebook', 'marc21', null, null, null);
INSERT INTO oai_harvest_conf (import_conf_id,url,set_spec,metadata_prefix,granularity) VALUES (346,'https://tritius.knihovnaprerov.cz/tritius/oai-provider','CPK_1','marc21',NULL);
INSERT INTO oai_harvest_conf (import_conf_id,url,set_spec,metadata_prefix,granularity) VALUES (347,NULL,NULL,'marc21',NULL);
INSERT INTO oai_harvest_conf (import_conf_id,url,set_spec,metadata_prefix,granularity) VALUES (348,'https://katalog.npmk.cz/api/oai','4','marc21',NULL);
INSERT INTO oai_harvest_conf (import_conf_id,url,set_spec,metadata_prefix,granularity) VALUES (349,'https://aleph.lib.cas.cz/OAI','EUHB','marc21',NULL);
INSERT INTO oai_harvest_conf (import_conf_id,url,set_spec,metadata_prefix,granularity) VALUES (350,'https://tritius.knihovnachodov.cz/tritius/oai-provider','CPK_1','marc21',NULL);
INSERT INTO oai_harvest_conf (import_conf_id,url,set_spec,metadata_prefix,granularity) VALUES (352,NULL,NULL,'marc21',NULL);
INSERT INTO oai_harvest_conf (import_conf_id,url,set_spec,metadata_prefix,granularity) VALUES (353,'https://www.okpb.cz/clavius/l.dll','CPK','marc21',NULL);
INSERT INTO oai_harvest_conf (import_conf_id,url,set_spec,metadata_prefix,granularity) VALUES (356,'https://pribram.tritius.cz/tritius/oai-provider','CPK_1','marc21',NULL);
INSERT INTO oai_harvest_conf (import_conf_id,url,set_spec,metadata_prefix,granularity) VALUES (357,NULL,NULL,'marc21',NULL);
INSERT INTO oai_harvest_conf (import_conf_id,url,set_spec,metadata_prefix,granularity) VALUES (358,'https://aleph.lib.cas.cz/OAI','KVO','marc21',NULL);
INSERT INTO oai_harvest_conf (import_conf_id,url,set_spec,metadata_prefix,granularity,extract_id_regex,harvest_job_name) VALUES (359,'https://library.upol.cz/i2/i2.ws.oai.cls','UPOLCPKALL','oai_marcxml_cpk',NULL,'s/[^:]+:[^:]+:([^\\/]+)\\/([^\\/]+)/$1_$2/','cosmotronHarvestJob');
INSERT INTO oai_harvest_conf (import_conf_id,url,set_spec,metadata_prefix,granularity) VALUES (360,'https://aleph.lib.cas.cz/OAI','UCLA','marc21',NULL);
INSERT INTO oai_harvest_conf (import_conf_id,url,set_spec,metadata_prefix,granularity) VALUES (361,'https://aleph.lib.cas.cz/OAI','CVGZ','marc21',NULL);
INSERT INTO oai_harvest_conf (import_conf_id,url,set_spec,metadata_prefix,granularity) VALUES (362,'https://svk7.svkkl.cz/i2/i2.ws.oai.cls','KLSKCLA','marc21',NULL);
INSERT INTO oai_harvest_conf (import_conf_id,url,set_spec,metadata_prefix,granularity,extract_id_regex) VALUES (363,'https://katalog.npmk.cz/api/oai','5','marc21',NULL,'oai:(.*)');
INSERT INTO oai_harvest_conf (import_conf_id,url,set_spec,metadata_prefix,granularity) VALUES (364,'https://tritius.booksy.cz/tritius/oai-provider','CPK_1','marc21',NULL);
INSERT INTO oai_harvest_conf (import_conf_id,url,set_spec,metadata_prefix,granularity) VALUES (365,'http://vis.idu.cz:8080/biblio/api/oai','4','marc21',NULL);
INSERT INTO oai_harvest_conf (import_conf_id,url,set_spec,metadata_prefix,granularity) VALUES (366,'https://biblio.hiu.cas.cz/api/oai','cpk-archiv','marc21',NULL);
INSERT INTO oai_harvest_conf (import_conf_id,url,set_spec,metadata_prefix,granularity) VALUES (367,'https://biblio.hiu.cas.cz/api/oai','cpk-huav','marc21',NULL);
INSERT INTO oai_harvest_conf (import_conf_id,url,set_spec,metadata_prefix,granularity) VALUES (368,'https://fmi.tritius.cz/tritius/oai-provider','CPK_1','marc21',NULL);
INSERT INTO oai_harvest_conf (import_conf_id,url,set_spec,metadata_prefix,granularity,harvest_job_name) VALUES (369,'https://opac.rkka.cz/rkka2cpk/oai','12','xml-marc',NULL,'oaiHarvestOneByOneJob');
INSERT INTO oai_harvest_conf (import_conf_id,url,set_spec,metadata_prefix,granularity) VALUES (370,'https://brandysnl.tritius.cz/tritius/oai-provider','CPK_1','marc21',NULL);
INSERT INTO oai_harvest_conf (import_conf_id,url,set_spec,metadata_prefix,granularity) VALUES (371,'https://breclav.knihovny.net/clavius/l.dll','CPK','marc21',NULL);
INSERT INTO oai_harvest_conf (import_conf_id,url,set_spec,metadata_prefix,granularity) VALUES (372,'http://caslav.knihovny.net/clavius/l.dll','CPK','marc21',NULL);
INSERT INTO oai_harvest_conf (import_conf_id,url,set_spec,metadata_prefix,granularity) VALUES (373,'https://db.knih-ck.cz/clavius/l.dll','CPK','marc21',NULL);
INSERT INTO oai_harvest_conf (import_conf_id,url,set_spec,metadata_prefix,granularity) VALUES (374,'https://hodonin.knihovny.net/katalog/l.dll','CPK','marc21',NULL);
INSERT INTO oai_harvest_conf (import_conf_id,url,set_spec,metadata_prefix,granularity) VALUES (375,'https://katalog.knihovnahradec.cz/katalog/l.dll','CPK','marc21',NULL);
INSERT INTO oai_harvest_conf (import_conf_id,url,set_spec,metadata_prefix,granularity) VALUES (376,'https://mkkl.tritius.cz/tritius/oai-provider','CPK_1','marc21',NULL);
INSERT INTO oai_harvest_conf (import_conf_id,url,set_spec,metadata_prefix,granularity) VALUES (377,'https://kmhk.tritius.cz/tritius/oai-provider','CPK_1','marc21',NULL);
INSERT INTO oai_harvest_conf (import_conf_id,url,set_spec,metadata_prefix,granularity) VALUES (378,'https://katalog.knihmil.cz/LANius/l.dll','CPK','marc21',NULL);
INSERT INTO oai_harvest_conf (import_conf_id,url,set_spec,metadata_prefix,granularity) VALUES (379,'https://orlova.knihovny.net/clavius/l.dll','CPK','marc21',NULL);
INSERT INTO oai_harvest_conf (import_conf_id,url,set_spec,metadata_prefix,granularity) VALUES (380,'http://online.knih-pe.cz/l.dll','CPK','marc21',NULL);
INSERT INTO oai_harvest_conf (import_conf_id,url,set_spec,metadata_prefix,granularity) VALUES (381,'http://katalog.knih-pi.cz:8000/l.dll','CPK','marc21',NULL);
INSERT INTO oai_harvest_conf (import_conf_id,url,set_spec,metadata_prefix,granularity) VALUES (382,'http://sternberk.knihovny.net/katalog/l.dll','CPK','marc21',NULL);
INSERT INTO oai_harvest_conf (import_conf_id,url,set_spec,metadata_prefix,granularity) VALUES (383,'https://tritius.knihovnatrinec.cz/tritius/oai-provider','CPK_1','marc21',NULL);
INSERT INTO oai_harvest_conf (import_conf_id,url,set_spec,metadata_prefix,granularity) VALUES (384,'https://baze.knihovnazn.cz/katalog/l.dll','CPK','marc21',NULL);
INSERT INTO oai_harvest_conf (import_conf_id,url,set_spec,metadata_prefix,granularity) VALUES (385,'http://195.113.198.88:8080/katalog/l.dll','CPK','marc21',NULL);
INSERT INTO oai_harvest_conf (import_conf_id,url,set_spec,metadata_prefix,granularity) VALUES (386,'https://clavius.knihovnaml.cz/l.dll','CPK','marc21',NULL);
INSERT INTO oai_harvest_conf (import_conf_id,url,set_spec,metadata_prefix,granularity) VALUES (387,'http://knir.cz/opacsql/api/oai','cpk','marc21',NULL);
INSERT INTO oai_harvest_conf (import_conf_id,url,set_spec,metadata_prefix,granularity) VALUES (388,'https://katalog.mkostrov.cz/tritius/oai-provider','CPK_1','marc21',NULL);
INSERT INTO oai_harvest_conf (import_conf_id,url,set_spec,metadata_prefix,granularity) VALUES (389,'https://beroun.knihovny.net/Clavius/l.dll','CPK','marc21',NULL);
INSERT INTO oai_harvest_conf (import_conf_id,url,set_spec,metadata_prefix,granularity) VALUES (390,'https://most.tritius.cz/tritius/oai-provider','CPK_1','marc21',NULL);
INSERT INTO oai_harvest_conf (import_conf_id,url,set_spec,metadata_prefix,granularity,extract_id_regex,harvest_job_name) VALUES (392,'https://www.library.sk/arl-vy/cs/oai/','CPK','oai_marcxml_cpk',NULL,'s/[^:]+:[^:]+:[^:]+:(.+)/VyUsCat_$1/','cosmotronHarvestJob');
INSERT INTO oai_harvest_conf (import_conf_id,url,set_spec,metadata_prefix,granularity,harvest_job_name) VALUES (393,'http://oai.medvik.cz/bmc/oai','79','xml-marc',NULL,'oaiHarvestOneByOneJob');
INSERT INTO oai_harvest_conf (import_conf_id,url,set_spec,metadata_prefix,granularity) VALUES (397,'https://trutnov.tritius.cz/tritius/oai-provider','CPK_1','marc21',NULL);
INSERT INTO oai_harvest_conf (import_conf_id,url,set_spec,metadata_prefix,granularity) VALUES (398,'https://kromeriz.tritius.cz/tritius/oai-provider','CPK_1','marc21',NULL);
INSERT INTO oai_harvest_conf (import_conf_id,url,set_spec,metadata_prefix,granularity) VALUES (399,'https://chomutovskaknihovna.tritius.cz/tritius/oai-provider','CPK_1','marc21',NULL);
INSERT INTO oai_harvest_conf (import_conf_id,url,set_spec,metadata_prefix,granularity) VALUES (400,'https://aleph.nkp.cz/OAI','AUT','marc21',null);
INSERT INTO oai_harvest_conf (import_conf_id,url,set_spec,metadata_prefix,granularity) VALUES (401,'https://tritius.knihovnakolin.cz/tritius/oai-provider','CPK_1','marc21',NULL);
INSERT INTO oai_harvest_conf (import_conf_id,url,set_spec,metadata_prefix,granularity) VALUES (402,'https://tritius.plzen.eu/tritius/oai-provider','CPK_1','marc21',NULL);
INSERT INTO oai_harvest_conf (import_conf_id,url,set_spec,metadata_prefix,granularity,harvest_job_name) VALUES (403,'https://opac.rkka.cz/rkka2cpk/oai','1','xml-marc',NULL,'oaiHarvestOneByOneJob');
INSERT INTO oai_harvest_conf (import_conf_id,url,set_spec,metadata_prefix,granularity,harvest_job_name) VALUES (404,'https://opac.rkka.cz/rkka2cpk/oai','3','xml-marc',NULL,'oaiHarvestOneByOneJob');
INSERT INTO oai_harvest_conf (import_conf_id,url,set_spec,metadata_prefix,granularity,harvest_job_name) VALUES (405,'https://opac.rkka.cz/rkka2cpk/oai','51','xml-marc',NULL,'oaiHarvestOneByOneJob');
INSERT INTO oai_harvest_conf (import_conf_id,url,set_spec,metadata_prefix,granularity,harvest_job_name) VALUES (406,'https://opac.rkka.cz/rkka2cpk/oai','63','xml-marc',NULL,'oaiHarvestOneByOneJob');
INSERT INTO oai_harvest_conf (import_conf_id,url,set_spec,metadata_prefix,granularity,harvest_job_name) VALUES (407,'https://opac.rkka.cz/rkka2cpk/oai','108','xml-marc',NULL,'oaiHarvestOneByOneJob');
INSERT INTO oai_harvest_conf (import_conf_id,url,set_spec,metadata_prefix,granularity,harvest_job_name) VALUES (408,'https://opac.rkka.cz/rkka2cpk/oai','1277','xml-marc',NULL,'oaiHarvestOneByOneJob');
INSERT INTO oai_harvest_conf (import_conf_id,url,set_spec,metadata_prefix,granularity) VALUES (409,'https://tritius.knihovna-cl.cz/tritius/oai-provider','CPK_1','marc21',NULL);
INSERT INTO oai_harvest_conf (import_conf_id,url,set_spec,metadata_prefix,granularity) VALUES (410,'https://semily.tritius.cz/tritius/oai-provider','CPK_1','marc21',NULL);
INSERT INTO oai_harvest_conf (import_conf_id,url,set_spec,metadata_prefix,granularity) VALUES (411,'https://jaromer.tritius.cz/tritius/oai-provider','CPK_1','marc21',NULL);
INSERT INTO oai_harvest_conf (import_conf_id,url,set_spec,metadata_prefix,granularity) VALUES (412,'https://tritius.holesov.info/tritius/oai-provider','CPK_1','marc21',NULL);
INSERT INTO oai_harvest_conf (import_conf_id,url,set_spec,metadata_prefix,granularity) VALUES (415,'https://klatovy.tritius.cz/tritius/oai-provider','CPK_1','marc21',NULL);
INSERT INTO oai_harvest_conf (import_conf_id,url,set_spec,metadata_prefix,granularity) VALUES (1300,NULL,NULL,'marc21',NULL);
INSERT INTO oai_harvest_conf (import_conf_id,url,set_spec,metadata_prefix,granularity) VALUES (1301,NULL,NULL,'marc21',NULL); 
INSERT INTO oai_harvest_conf (import_conf_id,url,set_spec,metadata_prefix,granularity) VALUES (1302,NULL,NULL,'marc21',NULL);
INSERT INTO oai_harvest_conf (import_conf_id,url,set_spec,metadata_prefix,granularity) VALUES (1304,NULL,NULL,'marc21',NULL);
INSERT INTO oai_harvest_conf (import_conf_id,url,set_spec,metadata_prefix,granularity) VALUES (99004,'http://kramerius5.nkp.cz/oaiprovider','monograph','oai_dc',NULL);

INSERT INTO kramerius_conf (import_conf_id,url,query_rows,metadata_stream, fulltext_harvest_type, url_solr, availability_source_url, availability_dest_url) VALUES (99001,'http://kramerius.mzk.cz/search/api/v5.0',20,'DC','solr','http://kramerius.mzk.cz/solr/select/',null,'http://www.digitalniknihovna.cz/mzk/uuid/');
INSERT INTO kramerius_conf (import_conf_id,url,url_solr,query_rows,metadata_stream,auth_token,fulltext_harvest_type,download_private_fulltexts,harvest_job_name,collection,availability_source_url,availability_dest_url) VALUES (99003,'https://cdk.lib.cas.cz/search/api/v5.0','https://cdk.lib.cas.cz/solr-select-only/k4',50,'BIBLIO_MODS',null,'solr',true,'krameriusHarvestJob','"vc:c4bb27af-3a51-4ac2-95c7-fd393b489e26"','https://kramerius.lib.cas.cz/search/api/v5.0','https://kramerius.lib.cas.cz/search/handle/');
INSERT INTO kramerius_conf (import_conf_id,url,url_solr,query_rows,metadata_stream,auth_token,fulltext_harvest_type,download_private_fulltexts,harvest_job_name,collection,availability_source_url,availability_dest_url,dnnt_dest_url) VALUES (99004,'https://kramerius5.nkp.cz/search/api/v5.0',null,50,'DC',null,'fedora',true,null,null,null,'http://kramerius5.nkp.cz/uuid/','https://ndk.cz/uuid/');
INSERT INTO kramerius_conf (import_conf_id,url,url_solr,query_rows,metadata_stream,auth_token,fulltext_harvest_type,download_private_fulltexts,harvest_job_name,collection,availability_source_url,availability_dest_url) VALUES (99010,'https://cdk.lib.cas.cz/search/api/v5.0','https://cdk.lib.cas.cz/solr-select-only/k4',50,'BIBLIO_MODS',null,'solr',true,'krameriusHarvestJob','"vc:3c06120c-ffc0-4b96-b8df-80bc12e030d9"','https://kramerius.medvik.cz/search/api/v5.0','https://kramerius.medvik.cz/search/handle/');
INSERT INTO kramerius_conf (import_conf_id,url,url_solr,query_rows,metadata_stream,auth_token,fulltext_harvest_type,download_private_fulltexts,harvest_job_name,collection,availability_source_url,availability_dest_url) VALUES (99011,'https://cdk.lib.cas.cz/search/api/v5.0','https://cdk.lib.cas.cz/solr-select-only/k4',50,'BIBLIO_MODS',null,'solr',true,'krameriusHarvestJob','"vc:cd324f70-c034-46f1-9674-e0df4f93de86"','https://kramerius.svkul.cz/search/api/v5.0','https://kramerius.svkul.cz/search/handle/');
INSERT INTO kramerius_conf (import_conf_id,url,url_solr,query_rows,metadata_stream,auth_token,fulltext_harvest_type,download_private_fulltexts,harvest_job_name,collection,availability_source_url,availability_dest_url) VALUES (99012,'https://cdk.lib.cas.cz/search/api/v5.0','https://cdk.lib.cas.cz/solr-select-only/k4',50,'BIBLIO_MODS',null,'solr',true,'krameriusHarvestJob','"vc:b7b1b67a-25d1-4055-905d-45fedfc6a2b5"','http://kramerius.kr-olomoucky.cz/search/api/v5.0','https://kramerius.kr-olomoucky.cz/search/handle/');
INSERT INTO kramerius_conf (import_conf_id,url,url_solr,query_rows,metadata_stream,auth_token,fulltext_harvest_type,download_private_fulltexts,harvest_job_name,collection,availability_source_url,availability_dest_url) VALUES (99013,'https://cdk.lib.cas.cz/search/api/v5.0','https://cdk.lib.cas.cz/solr-select-only/k4',50,'BIBLIO_MODS',null,'solr',true,'krameriusHarvestJob','"vc:4e6b7ee5-3374-4cde-9289-e1f6a2a335b2"','https://kramerius.cbvk.cz/search/api/v5.0','https://kramerius.cbvk.cz/search/handle/');
INSERT INTO kramerius_conf (import_conf_id,url,url_solr,query_rows,metadata_stream,auth_token,fulltext_harvest_type,download_private_fulltexts,harvest_job_name,collection,availability_source_url,availability_dest_url) VALUES (99014,'https://cdk.lib.cas.cz/search/api/v5.0','https://cdk.lib.cas.cz/solr-select-only/k4',50,'BIBLIO_MODS',null,'solr',true,'krameriusHarvestJob','"vc:d34ba74b-026a-4c60-aee7-9250a307952c"','https://kramerius4.svkhk.cz/search/api/v5.0','https://kramerius.svkhk.cz/search/handle/');
INSERT INTO kramerius_conf (import_conf_id,url,url_solr,query_rows,metadata_stream,auth_token,fulltext_harvest_type,download_private_fulltexts,harvest_job_name,collection,availability_source_url,availability_dest_url) VALUES (99015,'https://cdk.lib.cas.cz/search/api/v5.0','https://cdk.lib.cas.cz/solr-select-only/k4',50,'BIBLIO_MODS',null,'solr',true,'krameriusHarvestJob','"vc:d4b466de-5435-4b76-bff7-2838bbae747b"','https://kramerius4.mlp.cz/search/api/v5.0','https://digitalniknihovna.mlp.cz/');
INSERT INTO kramerius_conf (import_conf_id,url,url_solr,query_rows,metadata_stream,auth_token,fulltext_harvest_type,download_private_fulltexts,harvest_job_name,collection,availability_source_url,availability_dest_url) VALUES (99016,'https://cdk.lib.cas.cz/search/api/v5.0','https://cdk.lib.cas.cz/solr-select-only/k4',50,'BIBLIO_MODS',null,'solr',true,'krameriusHarvestJob','"vc:f750b424-bda4-4113-849a-5e9dbbfb5846"','https://kramerius.techlib.cz/search/api/v5.0','https://kramerius.techlib.cz/kramerius-web-client/view/');
INSERT INTO kramerius_conf (import_conf_id,url,url_solr,query_rows,metadata_stream,auth_token,fulltext_harvest_type,download_private_fulltexts,harvest_job_name,collection,availability_source_url,availability_dest_url) VALUES (99017,'https://cdk.lib.cas.cz/search/api/v5.0','https://cdk.lib.cas.cz/solr-select-only/k4',50,'BIBLIO_MODS',null,'solr',true,'krameriusHarvestJob','"vc:91a19b3d-8271-4889-8652-6c9d5864bd1b"','https://kramerius.uzei.cz/search/api/v5.0','http://dk.uzei.cz/uzei/uuid/');
INSERT INTO kramerius_conf (import_conf_id,url,url_solr,query_rows,metadata_stream,auth_token,fulltext_harvest_type,download_private_fulltexts,harvest_job_name,collection,availability_source_url,availability_dest_url) VALUES (99018,'https://k5.digiknihovna.cz/search/api/v5.0',null,50,'BIBLIO_MODS',null,'solr',true,'krameriusHarvestJob',null,null,'https://k5.digiknihovna.cz/search/handle/');
INSERT INTO kramerius_conf (import_conf_id,url,url_solr,query_rows,metadata_stream,auth_token,fulltext_harvest_type,download_private_fulltexts,harvest_job_name,collection,availability_source_url,availability_dest_url) VALUES (99019,'https://camea2.svkos.cz/search/api/v5.0',null,50,'BIBLIO_MODS',null,'solr',true,'krameriusHarvestJob',null,null,'https://camea2.svkos.cz/search/handle/');
INSERT INTO kramerius_conf (import_conf_id,url,url_solr,query_rows,metadata_stream,auth_token,fulltext_harvest_type,download_private_fulltexts,harvest_job_name,collection,availability_source_url,availability_dest_url) VALUES (99020,'http://k4.kr-karlovarsky.cz/search/api/v5.0',null,50,'BIBLIO_MODS',null,'solr',true,'krameriusHarvestJob',null,null,'http://k4.kr-karlovarsky.cz/search/handle/');
INSERT INTO kramerius_conf (import_conf_id,url,url_solr,query_rows,metadata_stream,auth_token,fulltext_harvest_type,download_private_fulltexts,harvest_job_name,collection,availability_source_url,availability_dest_url) VALUES (99021,'http://kramerius.kvkli.cz/search/api/v5.0',null,50,'BIBLIO_MODS',null,'solr',true,'krameriusHarvestJob',null,null,'http://kramerius.kvkli.cz/search/handle/');
INSERT INTO kramerius_conf (import_conf_id,url,url_solr,query_rows,metadata_stream,auth_token,fulltext_harvest_type,download_private_fulltexts,harvest_job_name,collection,availability_source_url,availability_dest_url) VALUES (99022,'https://k5.svkpk.cz/search/api/v5.0',null,50,'BIBLIO_MODS',null,'solr',true,'krameriusHarvestJob',null,null,'https://k5.svkpk.cz/search/handle/');
INSERT INTO kramerius_conf (import_conf_id,url,url_solr,query_rows,metadata_stream,auth_token,fulltext_harvest_type,download_private_fulltexts,harvest_job_name,collection,availability_source_url,availability_dest_url) VALUES (99023,'http://kramerius.kfbz.cz/search/api/v5.0',null,50,'BIBLIO_MODS',null,'solr',true,'krameriusHarvestJob',null,null,'http://kramerius.kfbz.cz/uuid/');
INSERT INTO kramerius_conf (import_conf_id,url,url_solr,query_rows,metadata_stream,auth_token,fulltext_harvest_type,download_private_fulltexts,harvest_job_name,collection,availability_source_url,availability_dest_url) VALUES (99024,'http://kramerius.svkkl.cz/search/api/v5.0',null,50,'BIBLIO_MODS',null,'solr',true,'krameriusHarvestJob',null,null,'http://kramerius.svkkl.cz/search/handle/');
INSERT INTO kramerius_conf (import_conf_id,url,url_solr,query_rows,metadata_stream,auth_token,fulltext_harvest_type,download_private_fulltexts,harvest_job_name,collection,availability_source_url,availability_dest_url) VALUES (99025,'http://kramerius.kkvysociny.cz/search/api/v5.0',null,50,'BIBLIO_MODS',null,'solr',true,'krameriusHarvestJob',null,null,'http://kramerius.kkvysociny.cz/uuid/');
INSERT INTO kramerius_conf (import_conf_id,url,url_solr,query_rows,metadata_stream,auth_token,fulltext_harvest_type,download_private_fulltexts,harvest_job_name,collection,availability_source_url,availability_dest_url) VALUES (99026,'http://kramerius.knihovna-pardubice.cz:8089/search/api/v5.0',null,50,'BIBLIO_MODS',null,'solr',true,'krameriusHarvestJob',null,null,'http://kramerius.knihovna-pardubice.cz:8089/search/handle/');
INSERT INTO kramerius_conf (import_conf_id,url,url_solr,query_rows,metadata_stream,auth_token,fulltext_harvest_type,download_private_fulltexts,harvest_job_name,collection,availability_source_url,availability_dest_url) VALUES (99027,'https://kramerius.cuni.cz/search/api/v5.0',null,50,'BIBLIO_MODS',null,'solr',true,'krameriusHarvestJob',null,null,'http://kramerius.cuni.cz/uk/uuid/');
INSERT INTO kramerius_conf (import_conf_id,url,url_solr,query_rows,metadata_stream,auth_token,fulltext_harvest_type,download_private_fulltexts,harvest_job_name,collection,availability_source_url,availability_dest_url) VALUES (99028,'http://kramerius.fsv.cuni.cz/search/api/v5.0',null,50,'BIBLIO_MODS',null,'solr',true,'krameriusHarvestJob',null,null,'http://kramerius.cuni.cz/fsv/uuid/');
INSERT INTO kramerius_conf (import_conf_id,url,url_solr,query_rows,metadata_stream,auth_token,fulltext_harvest_type,download_private_fulltexts,harvest_job_name,collection,availability_source_url,availability_dest_url) VALUES (99029,'http://kramerius.lf1.cuni.cz/search/api/v5.0',null,50,'BIBLIO_MODS',null,'solr',true,'krameriusHarvestJob',null,null,'http://kramerius.cuni.cz/lf1/uuid/');
INSERT INTO kramerius_conf (import_conf_id,url,url_solr,query_rows,metadata_stream,auth_token,fulltext_harvest_type,download_private_fulltexts,harvest_job_name,collection,availability_source_url,availability_dest_url) VALUES (99030,'https://kramerius.difmoe.eu/search/api/v5.0',null,50,'BIBLIO_MODS',null,'solr',true,'krameriusHarvestJob',null,null,'https://www.difmoe.eu/d/uuid/');
INSERT INTO kramerius_conf (import_conf_id,url,url_solr,query_rows,metadata_stream,auth_token,fulltext_harvest_type,download_private_fulltexts,harvest_job_name,collection,availability_source_url,availability_dest_url) VALUES (99031,'https://kramerius.army.cz/search/api/v5.0',null,50,'BIBLIO_MODS',null,'solr',true,'krameriusHarvestJob',null,null,'https://kramerius.army.cz/search/handle/');
INSERT INTO kramerius_conf (import_conf_id,url,url_solr,query_rows,metadata_stream,auth_token,fulltext_harvest_type,download_private_fulltexts,harvest_job_name,collection,availability_source_url,availability_dest_url) VALUES (99032,'http://lesnickaprace4.cust.ignum.cz:8080/search/api/v5.0',null,50,'BIBLIO_MODS',null,'solr',true,'krameriusHarvestJob',null,null,'http://lmda.silvarium.cz/uuid/');
INSERT INTO kramerius_conf (import_conf_id,url,url_solr,query_rows,metadata_stream,auth_token,fulltext_harvest_type,download_private_fulltexts,harvest_job_name,collection,availability_source_url,availability_dest_url) VALUES (99033,'http://kramerius4.mendelu.cz/search/api/v5.0',null,50,'BIBLIO_MODS',null,'solr',true,'krameriusHarvestJob',null,null,'http://kramerius4.mendelu.cz/search/handle/');
INSERT INTO kramerius_conf (import_conf_id,url,url_solr,query_rows,metadata_stream,auth_token,fulltext_harvest_type,download_private_fulltexts,harvest_job_name,collection,availability_source_url,availability_dest_url) VALUES (99034,'http://kramerius.mjh.cz/search/api/v5.0',null,50,'BIBLIO_MODS',null,'solr',true,'krameriusHarvestJob',null,null,'http://kramerius.mjh.cz/uuid/');
INSERT INTO kramerius_conf (import_conf_id,url,url_solr,query_rows,metadata_stream,auth_token,fulltext_harvest_type,download_private_fulltexts,harvest_job_name,collection,availability_source_url,availability_dest_url) VALUES (99035,'http://k4.muzeumhk.cz/search/api/v5.0',null,50,'BIBLIO_MODS',null,'solr',true,'krameriusHarvestJob',null,null,'http://k4.muzeumhk.cz/search/handle/');
INSERT INTO kramerius_conf (import_conf_id,url,url_solr,query_rows,metadata_stream,auth_token,fulltext_harvest_type,download_private_fulltexts,harvest_job_name,collection,availability_source_url,availability_dest_url) VALUES (99036,'https://kramerius.nacr.cz/search/api/v5.0',null,50,'BIBLIO_MODS',null,'solr',true,'krameriusHarvestJob',null,null,'https://kramerius.nacr.cz/search/handle/');
INSERT INTO kramerius_conf (import_conf_id,url,url_solr,query_rows,metadata_stream,auth_token,fulltext_harvest_type,download_private_fulltexts,harvest_job_name,collection,availability_source_url,availability_dest_url) VALUES (99037,'https://library.nfa.cz/search/api/v5.0',null,50,'BIBLIO_MODS',null,'solr',true,'krameriusHarvestJob',null,null,'https://library.nfa.cz/search/handle/');
INSERT INTO kramerius_conf (import_conf_id,url,url_solr,query_rows,metadata_stream,auth_token,fulltext_harvest_type,download_private_fulltexts,harvest_job_name,collection,availability_source_url,availability_dest_url) VALUES (99038,'https://kramerius.nm.cz/search/api/v5.0',null,50,'BIBLIO_MODS',null,'solr',true,'krameriusHarvestJob',null,null,'https://kramerius.nm.cz/uuid/');
INSERT INTO kramerius_conf (import_conf_id,url,url_solr,query_rows,metadata_stream,auth_token,fulltext_harvest_type,download_private_fulltexts,harvest_job_name,collection,availability_source_url,availability_dest_url) VALUES (99039,'https://kramerius.npmk.cz/search/api/v5.0',null,50,'BIBLIO_MODS',null,'solr',true,'krameriusHarvestJob',null,null,'https://kramerius.npmk.cz/uuid/');
INSERT INTO kramerius_conf (import_conf_id,url,url_solr,query_rows,metadata_stream,auth_token,fulltext_harvest_type,download_private_fulltexts,harvest_job_name,collection,availability_source_url,availability_dest_url) VALUES (99040,'http://kramerius.upm.cz/search/api/v5.0',null,50,'BIBLIO_MODS',null,'solr',true,'krameriusHarvestJob',null,null,'http://kramerius.upm.cz/uuid/');
INSERT INTO kramerius_conf (import_conf_id,url,url_solr,query_rows,metadata_stream,auth_token,fulltext_harvest_type,download_private_fulltexts,harvest_job_name,collection,availability_source_url,availability_dest_url) VALUES (99041,'https://kramerius.vse.cz/search/api/v5.0',null,50,'BIBLIO_MODS',null,'solr',true,'krameriusHarvestJob',null,null,'https://kramerius.vse.cz/search/handle/');
INSERT INTO kramerius_conf (import_conf_id,url,url_solr,query_rows,metadata_stream,auth_token,fulltext_harvest_type,download_private_fulltexts,harvest_job_name,collection,availability_source_url,availability_dest_url) VALUES (99042,'https://kramerius.vsup.cz/search/api/v5.0',null,50,'BIBLIO_MODS',null,'solr',true,'krameriusHarvestJob',null,null,'https://kramerius.vsup.cz/search/handle/');
INSERT INTO kramerius_conf (import_conf_id,url,url_solr,query_rows,metadata_stream,auth_token,fulltext_harvest_type,download_private_fulltexts,harvest_job_name,collection,availability_source_url,availability_dest_url) VALUES (99043,'https://kramerius.vugtk.cz/search/api/v5.0',null,50,'BIBLIO_MODS',null,'solr',true,'krameriusHarvestJob',null,null,'https://kramerius.vugtk.cz/search/handle/');
INSERT INTO kramerius_conf (import_conf_id,url,url_solr,query_rows,metadata_stream,auth_token,fulltext_harvest_type,download_private_fulltexts,harvest_job_name,collection,availability_source_url,availability_dest_url) VALUES (99044,'http://kramerius.zcm.cz/search/api/v5.0',null,50,'BIBLIO_MODS',null,'solr',true,'krameriusHarvestJob',null,null,'http://kramerius.zcm.cz/search/handle/');
INSERT INTO kramerius_conf (import_conf_id,url,url_solr,query_rows,metadata_stream,auth_token,fulltext_harvest_type,download_private_fulltexts,harvest_job_name,collection,availability_source_url,availability_dest_url) VALUES (99045,'http://kramerius4.jewishmuseum.cz/search/api/v5.0',null,50,'BIBLIO_MODS',null,'solr',true,'krameriusHarvestJob',null,null,'http://kramerius4.jewishmuseum.cz/search/handle/');

INSERT INTO download_import_conf (import_conf_id,url,import_job_name,format,extract_id_regex) VALUES (332,'local:/data/imports/kkkv_upd','importRecordsJob','xml','s/^(.*)/KKV01-$1/');
INSERT INTO download_import_conf (import_conf_id,url,import_job_name,format) VALUES (341,'http://www.osobnostiregionu.cz/export_online.php','downloadAndImportRecordsJob','osobnosti');
INSERT INTO download_import_conf (import_conf_id,url,import_job_name,format,extract_id_regex) VALUES (344,null,null,null,null);
INSERT INTO download_import_conf (import_conf_id,url,import_job_name,format,extract_id_regex) VALUES (351,'local:/data/imports/aleph.ADR','importOaiRecordsJob',null,'[^:]+:(.*)');
INSERT INTO download_import_conf (import_conf_id,url,import_job_name,format,extract_id_regex) VALUES (354,'local:/data/imports/aleph.KTD','importOaiRecordsJob',null,'[^:]+:(.*)');
INSERT INTO download_import_conf (import_conf_id,url,import_job_name,format,extract_id_regex) VALUES (391,'local:/data/imports/uzp01_upd','importRecordsJob','xml','s/^(.*)/UZP01-$1/');
INSERT INTO download_import_conf (import_conf_id,url,import_job_name,format) VALUES (396,'local:/data/imports/uzp02_upd','importRecordsJob','xml');
INSERT INTO download_import_conf (import_conf_id,url,import_job_name,format) VALUES (413,'https://www.bookport.cz/marc21.xml','importRecordsJob','xml');
INSERT INTO download_import_conf (import_conf_id,url,import_job_name) VALUES (500,'https://muj-antikvariat.cz/assets/obalkyknih.xml','antikvariatyImportRecordsJob');
INSERT INTO download_import_conf (import_conf_id,url,import_job_name,format,extract_id_regex) VALUES (1305,'https://sfx.knihovny.cz/sfxlcl3/cgi/public/get_file.cgi?file=institutional_holding-NKP.xml','downloadAndImportRecordsJob','sfx',null);
INSERT INTO download_import_conf (import_conf_id,url,import_job_name,format,extract_id_regex) VALUES (1306,'https://sfx.knihovny.cz/sfxlcl3/cgi/public/get_file.cgi?file=institutional_holding-VKOL.xml','downloadAndImportRecordsJob','sfx',null);
INSERT INTO download_import_conf (import_conf_id,url,import_job_name,format,extract_id_regex) VALUES (1307,'https://sfx.knihovny.cz/sfxlcl3/cgi/public/get_file.cgi?file=institutional_holding-JVKCB.xml','downloadAndImportRecordsJob','sfx',null);
INSERT INTO download_import_conf (import_conf_id,url,import_job_name,format,extract_id_regex) VALUES (1308,'https://sfx.knihovny.cz/sfxlcl3/cgi/public/get_file.cgi?file=institutional_holding-KKFB.xml','downloadAndImportRecordsJob','sfx',null);
INSERT INTO download_import_conf (import_conf_id,url,import_job_name,format,extract_id_regex) VALUES (1309,'https://sfx.knihovny.cz/sfxlcl3/cgi/public/get_file.cgi?file=institutional_holding-KVKLI.xml','downloadAndImportRecordsJob','sfx',null);
INSERT INTO download_import_conf (import_conf_id,url,import_job_name,format,extract_id_regex) VALUES (1310,'https://sfx.knihovny.cz/sfxlcl3/cgi/public/get_file.cgi?file=institutional_holding-MKP.xml','downloadAndImportRecordsJob','sfx',null);
INSERT INTO download_import_conf (import_conf_id,url,import_job_name,format,extract_id_regex) VALUES (1311,'https://sfx.knihovny.cz/sfxlcl3/cgi/public/get_file.cgi?file=institutional_holding-MSVK.xml','downloadAndImportRecordsJob','sfx',null);
INSERT INTO download_import_conf (import_conf_id,url,import_job_name,format,extract_id_regex) VALUES (1312,'https://sfx.knihovny.cz/sfxlcl3/cgi/public/get_file.cgi?file=institutional_holding-SVKHK.xml','downloadAndImportRecordsJob','sfx',null);
INSERT INTO download_import_conf (import_conf_id,url,import_job_name,format,extract_id_regex) VALUES (1313,null,'downloadAndImportRecordsJob','sfx',null);
INSERT INTO download_import_conf (import_conf_id,url,import_job_name,format,extract_id_regex) VALUES (1314,'https://sfx.knihovny.cz/sfxlcl3/cgi/public/get_file.cgi?file=institutional_holding-MZK.xml','downloadAndImportRecordsJob','sfx',null);
INSERT INTO download_import_conf (import_conf_id,url,import_job_name,format,extract_id_regex) VALUES (1315,'https://sfx.knihovny.cz/sfxlcl3/cgi/public/get_file.cgi?file=institutional_holding.xml','downloadAndImportRecordsJob','sfx',null);
INSERT INTO download_import_conf (import_conf_id,url,import_job_name,format,extract_id_regex) VALUES (1316,null,null,'sfxnlk',null);
INSERT INTO download_import_conf (import_conf_id,url,import_job_name,format,extract_id_regex) VALUES (1318,'http://sfx.techlib.cz/sfxlcl41/cgi/public/get_file.cgi?file=institutional_holding-NTK.xml','downloadAndImportRecordsJob','sfx',null);
INSERT INTO download_import_conf (import_conf_id,url,import_job_name,format,extract_id_regex) VALUES (1319,null,null,'sfx',null);
INSERT INTO download_import_conf (import_conf_id,url,import_job_name,format,extract_id_regex) VALUES (1320,null,null,'sfx',null);
INSERT INTO download_import_conf (import_conf_id,url,import_job_name,format,extract_id_regex) VALUES (1321,'http://sfx.jib.cz/sfxirel/cgi/public/get_file.cgi?file=institutional_holding-IREL.xml','downloadAndImportRecordsJob','sfx',null);
INSERT INTO download_import_conf (import_conf_id,url,import_job_name,format,extract_id_regex) VALUES (1322,'https://sfx.knihovny.cz/sfxlcl3/cgi/public/get_file.cgi?file=institutional_holding-SVKPL.xml','downloadAndImportRecordsJob','sfx',null);
INSERT INTO download_import_conf (import_conf_id,url,import_job_name,format,extract_id_regex) VALUES (1323,'http://sfx.jib.cz/sfxmus3/cgi/public/get_file.cgi?file=institutional_holding.xml','downloadAndImportRecordsJob','sfx',null);
INSERT INTO download_import_conf (import_conf_id,url,import_job_name,format,extract_id_regex) VALUES (1324,'http://sfx.jib.cz/sfxkiv3/cgi/public/get_file.cgi?file=institutional_holding.xml','downloadAndImportRecordsJob','sfx',null);
INSERT INTO download_import_conf (import_conf_id,url,import_job_name,format,extract_id_regex) VALUES (1325,'http://sfx.techlib.cz/sfxlcl41/cgi/public/get_file.cgi?file=institutional_holding-NTK.xml','downloadAndImportRecordsJob','sfx',null);
INSERT INTO download_import_conf (import_conf_id,url,import_job_name,format,extract_id_regex) VALUES (1326,'https://sfx.knihovny.cz/sfxlcl3/cgi/public/get_file.cgi?file=institutional_holding-KMHK.xml','downloadAndImportRecordsJob','sfx',null);
INSERT INTO download_import_conf (import_conf_id,url,import_job_name,format) VALUES (414,null,null,null);

INSERT INTO harvested_record_format(id, name) VALUES (1, 'BOOKS');
INSERT INTO harvested_record_format(id, name) VALUES (2, 'PERIODICALS');
INSERT INTO harvested_record_format(id, name) VALUES (3, 'ARTICLES');
INSERT INTO harvested_record_format(id, name) VALUES (4, 'MAPS');
INSERT INTO harvested_record_format(id, name) VALUES (5, 'MUSICAL_SCORES'); 
INSERT INTO harvested_record_format(id, name) VALUES (6, 'VISUAL_DOCUMENTS'); 
INSERT INTO harvested_record_format(id, name) VALUES (7, 'MANUSCRIPTS');
INSERT INTO harvested_record_format(id, name) VALUES (8, 'OTHER_MICROFORMS');
INSERT INTO harvested_record_format(id, name) VALUES (9, 'LARGE_PRINTS'); 
INSERT INTO harvested_record_format(id, name) VALUES (10, 'OTHER_BRAILLE');
INSERT INTO harvested_record_format(id, name) VALUES (11, 'ELECTRONIC_SOURCE'); 
INSERT INTO harvested_record_format(id, name) VALUES (12, 'AUDIO_DOCUMENTS'); 
INSERT INTO harvested_record_format(id, name) VALUES (13, 'AUDIO_CD');
INSERT INTO harvested_record_format(id, name) VALUES (14, 'AUDIO_DVD'); 
INSERT INTO harvested_record_format(id, name) VALUES (15, 'AUDIO_LP'); 
INSERT INTO harvested_record_format(id, name) VALUES (16, 'AUDIO_CASSETTE'); 
INSERT INTO harvested_record_format(id, name) VALUES (17, 'AUDIO_OTHER'); 
INSERT INTO harvested_record_format(id, name) VALUES (18, 'VIDEO_DOCUMENTS');
INSERT INTO harvested_record_format(id, name) VALUES (19, 'VIDEO_BLURAY');
INSERT INTO harvested_record_format(id, name) VALUES (20, 'VIDEO_VHS');
INSERT INTO harvested_record_format(id, name) VALUES (21, 'VIDEO_DVD');
INSERT INTO harvested_record_format(id, name) VALUES (22, 'VIDEO_CD');
INSERT INTO harvested_record_format(id, name) VALUES (23, 'VIDEO_OTHER');
INSERT INTO harvested_record_format(id, name) VALUES (24, 'OTHER_KIT');
INSERT INTO harvested_record_format(id, name) VALUES (25, 'OTHER_OBJECT');
INSERT INTO harvested_record_format(id, name) VALUES (26, 'OTHER_MIX_DOCUMENT');
INSERT INTO harvested_record_format(id, name) VALUES (27, 'NORMS');
INSERT INTO harvested_record_format(id, name) VALUES (28, 'OTHER_PERSON');
INSERT INTO harvested_record_format(id, name) VALUES (29, 'LEGISLATIVE_GOVERNMENT_ORDERS');
INSERT INTO harvested_record_format(id, name) VALUES (30, 'LEGISLATIVE_REGULATIONS');
INSERT INTO harvested_record_format(id, name) VALUES (31, 'LEGISLATIVE_COMMUNICATION');
INSERT INTO harvested_record_format(id, name) VALUES (32, 'LEGISLATIVE_LAWS');
INSERT INTO harvested_record_format(id, name) VALUES (33, 'LEGISLATIVE_LAWS_TEXT');
INSERT INTO harvested_record_format(id, name) VALUES (34, 'LEGISLATIVE_FINDING');
INSERT INTO harvested_record_format(id, name) VALUES (35, 'LEGISLATIVE_CONSTITUTIONAL_LAWS');
INSERT INTO harvested_record_format(id, name) VALUES (36, 'LEGISLATIVE_DECISIONS');
INSERT INTO harvested_record_format(id, name) VALUES (37, 'LEGISLATIVE_DECREES');
INSERT INTO harvested_record_format(id, name) VALUES (38, 'LEGISLATIVE_EDICTS');
INSERT INTO harvested_record_format(id, name) VALUES (39, 'LEGISLATIVE_RESOLUTIONS');
INSERT INTO harvested_record_format(id, name) VALUES (40, 'LEGISLATIVE_MEASURES');
INSERT INTO harvested_record_format(id, name) VALUES (41, 'LEGISLATIVE_DIRECTIVES');
INSERT INTO harvested_record_format(id, name) VALUES (42, 'LEGISLATIVE_TREATIES');
INSERT INTO harvested_record_format(id, name) VALUES (43, 'LEGISLATIVE_EDITORIAL');
INSERT INTO harvested_record_format(id, name) VALUES (44, 'LEGISLATIVE_RULES');
INSERT INTO harvested_record_format(id, name) VALUES (45, 'LEGISLATIVE_ORDERS');
INSERT INTO harvested_record_format(id, name) VALUES (46, 'LEGISLATIVE_PROCEDURES');
INSERT INTO harvested_record_format(id, name) VALUES (47, 'LEGISLATIVE_STATUTES');
INSERT INTO harvested_record_format(id, name) VALUES (48, 'LEGISLATIVE_CONVENTIONS');
INSERT INTO harvested_record_format(id, name) VALUES (49, 'LEGISLATIVE_PRINCIPLES');
INSERT INTO harvested_record_format(id, name) VALUES (50, 'LEGISLATIVE_AGREEMENTS');
INSERT INTO harvested_record_format(id, name) VALUES (51, 'LEGISLATIVE_GUIDELINES');
INSERT INTO harvested_record_format(id, name) VALUES (52, 'LEGISLATIVE_ORDINANCES');
INSERT INTO harvested_record_format(id, name) VALUES (53, 'LEGISLATIVE_SENATE_MEASURES');
INSERT INTO harvested_record_format(id, name) VALUES (54, 'LEGISLATIVE_CONDITIONS');
INSERT INTO harvested_record_format(id, name) VALUES (55, 'LEGISLATIVE_OTHERS');
INSERT INTO harvested_record_format(id, name) VALUES (56, 'LEGISLATIVE_NOTICE');
INSERT INTO harvested_record_format(id, name) VALUES (57, 'LEGISLATIVE_CODE');
INSERT INTO harvested_record_format(id, name) VALUES (58, 'PATENTS');
INSERT INTO harvested_record_format(id, name) VALUES (59, 'OTHER_COMPUTER_CARRIER');
INSERT INTO harvested_record_format(id, name) VALUES (60, 'OTHER_OTHER');
INSERT INTO harvested_record_format(id, name) VALUES (61, 'PATENTS_UTILITY_MODELS');
INSERT INTO harvested_record_format(id, name) VALUES (62, 'PATENTS_PATENT_APPLICATIONS');
INSERT INTO harvested_record_format(id, name) VALUES (63, 'PATENTS_PATENTS');
INSERT INTO harvested_record_format(id, name) VALUES (64, 'OTHER_DICTIONARY_ENTRY');
INSERT INTO harvested_record_format(id, name) VALUES (65, 'BLIND_AUDIO');
INSERT INTO harvested_record_format(id, name) VALUES (66, 'BLIND_BRAILLE');
INSERT INTO harvested_record_format(id, name) VALUES (100, 'OTHER_UNSPECIFIED');

INSERT INTO sigla (id, import_conf_id, sigla) VALUES (1, 300, 'BOA001');
INSERT INTO sigla (id, import_conf_id, sigla) VALUES (2, 301, 'ABA008');
INSERT INTO sigla (id, import_conf_id, sigla) VALUES (3, 302, 'ABG001');
INSERT INTO sigla (id, import_conf_id, sigla) VALUES (5, 304, 'ABA001');
INSERT INTO sigla (id, import_conf_id, sigla) VALUES (6, 304, 'ABA003');
INSERT INTO sigla (id, import_conf_id, sigla) VALUES (7, 304, 'ABA018');
INSERT INTO sigla (id, import_conf_id, sigla) VALUES (8, 304, 'ABA019');
INSERT INTO sigla (id, import_conf_id, sigla) VALUES (9, 304, 'ABA025');
INSERT INTO sigla (id, import_conf_id, sigla) VALUES (10, 306, 'UOG505');
INSERT INTO sigla (id, import_conf_id, sigla) VALUES (11, 306, 'UOG011');
INSERT INTO sigla (id, import_conf_id, sigla) VALUES (12, 307, 'ABA013');
INSERT INTO sigla (id, import_conf_id, sigla) VALUES (13, 307, 'ABA031');
INSERT INTO sigla (id, import_conf_id, sigla) VALUES (14, 308, 'LIA001');
INSERT INTO sigla (id, import_conf_id, sigla) VALUES (15, 311, 'TAG001');
INSERT INTO sigla (id, import_conf_id, sigla) VALUES (16, 312, 'HBG001');
INSERT INTO sigla (id, import_conf_id, sigla) VALUES (17, 313, 'HKA001');
INSERT INTO sigla (id, import_conf_id, sigla) VALUES (18, 314, 'ULG001');
INSERT INTO sigla (id, import_conf_id, sigla) VALUES (19, 315, 'OLA001');
INSERT INTO sigla (id, import_conf_id, sigla) VALUES (20, 321, 'ABA004');
INSERT INTO sigla (id, import_conf_id, sigla) VALUES (22, 324, 'BOA001');
INSERT INTO sigla (id, import_conf_id, sigla) VALUES (23, 325, 'ABA003');
INSERT INTO sigla (id, import_conf_id, sigla) VALUES (24, 328, 'CBA001');
INSERT INTO sigla (id, import_conf_id, sigla) VALUES (25, 330, 'ABA007');
INSERT INTO sigla (id, import_conf_id, sigla) VALUES (28, 334, 'KHG001');
INSERT INTO sigla (id, import_conf_id, sigla) VALUES (29, 335, 'OSA001');
INSERT INTO sigla (id, import_conf_id, sigla) VALUES (30, 336, 'KLG001');
INSERT INTO sigla (id, import_conf_id, sigla) VALUES (32, 338, 'ABC016');
INSERT INTO sigla (id, import_conf_id, sigla) VALUES (33, 340, 'UOG001');
INSERT INTO sigla (id, import_conf_id, sigla) VALUES (34, 340, 'UOG009');
INSERT INTO sigla (id, import_conf_id, sigla) VALUES (35, 340, 'UOG010');
INSERT INTO sigla (id, import_conf_id, sigla) VALUES (36, 304, 'ABA000');
INSERT INTO sigla (id, import_conf_id, sigla) VALUES (37, 343, 'ZLG001');
INSERT INTO sigla (id, import_conf_id, sigla) VALUES (38, 346, 'PRG001');
INSERT INTO sigla (id, import_conf_id, sigla) VALUES (39, 337, 'PNA001');
INSERT INTO sigla (id, import_conf_id, sigla) VALUES (40, 350, 'SOG504');
INSERT INTO sigla (id, import_conf_id, sigla) VALUES (41, 353, 'OPG001');
INSERT INTO sigla (id, import_conf_id, sigla) VALUES (42, 356, 'PBG001');
INSERT INTO sigla (id, import_conf_id, sigla) VALUES (43, 332, 'KVG001');
INSERT INTO sigla (id, import_conf_id, sigla) VALUES (44, 370, 'ABG503');
INSERT INTO sigla (id, import_conf_id, sigla) VALUES (45, 371, 'BVG001');
INSERT INTO sigla (id, import_conf_id, sigla) VALUES (47, 373, 'CKG001');
INSERT INTO sigla (id, import_conf_id, sigla) VALUES (48, 374, 'HOG001');
INSERT INTO sigla (id, import_conf_id, sigla) VALUES (49, 375, 'OPG503');
INSERT INTO sigla (id, import_conf_id, sigla) VALUES (50, 376, 'KLG002');
INSERT INTO sigla (id, import_conf_id, sigla) VALUES (51, 377, 'HKG001');
INSERT INTO sigla (id, import_conf_id, sigla) VALUES (52, 378, 'PIG501');
INSERT INTO sigla (id, import_conf_id, sigla) VALUES (55, 381, 'PIG001');
INSERT INTO sigla (id, import_conf_id, sigla) VALUES (57, 383, 'FMG502');
INSERT INTO sigla (id, import_conf_id, sigla) VALUES (58, 384, 'ZNG001');
INSERT INTO sigla (id, import_conf_id, sigla) VALUES (60, 386, 'CHG501');
INSERT INTO sigla (id, import_conf_id, sigla) VALUES (62, 388, 'KVG501');
INSERT INTO sigla (id, import_conf_id, sigla) VALUES (64, 390, 'MOG001');
INSERT INTO sigla (id, import_conf_id, sigla) VALUES (65, 333, 'PAG001');
INSERT INTO sigla (id, import_conf_id, sigla) VALUES (66, 392, 'VYG001');
INSERT INTO sigla (id, import_conf_id, sigla) VALUES (67, 391, 'ABA009');
INSERT INTO sigla (id, import_conf_id, sigla) VALUES (71, 397, 'TUG001');
INSERT INTO sigla (id, import_conf_id, sigla) VALUES (76, 364, 'SVG001');
INSERT INTO sigla (id, import_conf_id, sigla) VALUES (78, 369, 'KAG001');
INSERT INTO sigla (id, import_conf_id, sigla) VALUES (79, 403, 'KAG001');
INSERT INTO sigla (id, import_conf_id, sigla) VALUES (80, 404, 'KAG001');
INSERT INTO sigla (id, import_conf_id, sigla) VALUES (81, 405, 'KAG001');
INSERT INTO sigla (id, import_conf_id, sigla) VALUES (82, 406, 'KAG001');
INSERT INTO sigla (id, import_conf_id, sigla) VALUES (83, 407, 'KAG001');
INSERT INTO sigla (id, import_conf_id, sigla) VALUES (84, 408, 'KAG001');
INSERT INTO sigla (id, import_conf_id, sigla) VALUES (85, 409, 'CLG001');
