INSERT INTO library (id, name, url, catalog_url, city) VALUES (100, 'MZK', 'www.mzk.cz', 'vufind.mzk.cz', 'Brno');
INSERT INTO contact_person (id, library_id, name, email, phone) VALUES (200, 100, 'Jan Novak', 'jan.novak@neexistuje.cz', '728 123 456');

INSERT INTO library (id, name, url, catalog_url, city) VALUES (101, 'NLK', 'medvik.cz', 'medivk.cz', 'Praha');
INSERT INTO library (id, name, url, catalog_url, city) VALUES (102, 'MKP', 'www.mlp.cz', 'search.mlp.cz', 'Praha');
INSERT INTO library (id, name, url, catalog_url, city) VALUES (103, 'KJM', 'kjm.cz', 'http://katalog.kjm.cz:8080/Carmen/', 'Brno');
INSERT INTO library (id, name, url, catalog_url, city) VALUES (104, 'NKP', 'nkp.cz', 'aleph.nkp.cz', 'Praha');
INSERT INTO library (id, name, url, catalog_url, city) VALUES (105, 'VPK', 'vpk.cz', 'vpk.cz', 'Praha');
INSERT INTO library (id, name, url, catalog_url, city) VALUES (106, 'TRE', 'katalogknih.cz', 'vufind.katalogknih.c', 'Česká Třebová');
INSERT INTO library (id, name, url, catalog_url, city) VALUES (107, 'NTK', 'techlib.cz', 'aleph.techlib.cz', 'Praha');
INSERT INTO library (id, name, url, catalog_url, city) VALUES (108, 'KVKL', 'http://www.kvkli.cz/', 'pac.kvkli.cz/arl-li/', 'Liberec');
INSERT INTO library (id, name, url, catalog_url, city) VALUES (109, 'VPK', 'vpk.cz', 'vpk.cz', 'Liberec');
INSERT INTO library (id, name, url, catalog_url, city) VALUES (110, 'ANTIKVARIATY', 'muj-antikvariat.cz', 'muj-antikvariat.cz', null);
INSERT INTO library (id, name, url, catalog_url, city) VALUES (111, 'VKTA', 'knihovnatabor.cz', 'vkta.cz/Clavius', 'Tábor');
INSERT INTO library (id, name, url, catalog_url, city) VALUES (112, 'KKVY', 'kkvysociny.cz', 'kkvysociny.cz/clavius', 'Havlíčkův Brod');
INSERT INTO library (id, name, url, catalog_url, city) VALUES (113, 'SVKHK', 'svkhk.cz', 'aleph2.svkhk.cz', 'Hradec Králové');
INSERT INTO library (id, name, url, catalog_url, city) VALUES (114, 'SVKUL', 'svkul.cz', 'katalog.svkul.cz', 'Ústí nad Labem');
INSERT INTO library (id, name, url, catalog_url, city) VALUES (115, 'VKOL', 'vkol.cz', 'www.vkol.cz/cs/katalog/', 'Olomouc');
INSERT INTO library (id, name, url, catalog_url, city) VALUES (116, 'CASLIN', 'caslin.cz', 'aleph.nkp.cz', 'Praha');
INSERT INTO library (id, name, url, catalog_url, city) VALUES (117, 'NKP2', 'nkp.cz', 'aleph.nkp.cz', 'Praha');
INSERT INTO library (id, name, url, catalog_url, city) VALUES (119, 'ANL', 'nkp.cz', 'aleph.nkp.cz', NULL);
INSERT INTO library (id, name, url, catalog_url, city) VALUES (120, 'MZKNORMS', 'mzk.cz', 'aleph.mzk.cz', NULL);
INSERT INTO library (id, name, url, catalog_url, city) VALUES (121, 'SLK', 'nkp.cz', 'aleph.nkp.cz', 'Praha');
INSERT INTO library (id, name, url, catalog_url, city) VALUES (122, 'KPSYS', '', '', 'KPSYS');
INSERT INTO library (id, name, url, catalog_url, city) VALUES (123, 'CNB', 'nkp.cz', 'aleph.nkp.cz', 'Praha');
INSERT INTO library (id, name, url, catalog_url, city) VALUES (125, 'KKL', 'nkp.cz', 'aleph.nkp.cz', 'Praha');
INSERT INTO library (id, name, url, catalog_url, city) VALUES (126, 'STT', 'nkp.cz', 'aleph.nkp.cz', 'Praha');
INSERT INTO library (id, name, url, catalog_url, city) VALUES (127, 'OPENLIB', 'openlibrary.org', '', NULL);
INSERT INTO library (id, name, url, catalog_url, city) VALUES (128, 'CBVK', 'cbvk.cz', 'katalog.cbvk.cz', 'České Budějovice');
INSERT INTO library (id, name, url, catalog_url, city) VALUES (129, 'VKTATEST', 'knihovnatabor.cz', 'vkta.cz/Clavius', 'Tábor');
INSERT INTO library (id, name, url, catalog_url, city) VALUES (130, 'KNAV', 'cas.cz', 'aleph.lib.cas.cz', 'Praha');
INSERT INTO library (id, name, url, catalog_url, city) VALUES (131, 'BCBT', 'cas.cz', 'clavius.lib.cas.cz/katalog/', NULL);
INSERT INTO library (id, name, url, catalog_url, city) VALUES (132, 'KKKV', 'knihovnakv.cz', 'katalog.kvary.cz', 'Karlovy Vary');
INSERT INTO library (id, name, url, catalog_url, city) VALUES (133, 'KKPC', 'kkpce.cz', 'aleph.knihovna-pardubice.cz', 'Pardubice');
INSERT INTO library (id, name, url, catalog_url, city) VALUES (134, 'MKKH', 'knihovna-kh.cz', 'kutnahora.knihovny.net:8080/Carmen/', 'Kutná Hora');
INSERT INTO library (id, name, url, catalog_url, city) VALUES (135, 'SVKOS', 'svkos.cz', 'katalog.svkos.cz', 'Ostrava');
INSERT INTO library (id, name, url, catalog_url, city) VALUES (136, 'SVKKL', 'svkkl.cz', 'ipac.svkkl.cz', 'Kladno');
INSERT INTO library (id, name, url, catalog_url, city) VALUES (137, 'SVKPK', 'svkpl.cz', 'aleph.svkpl.cz', 'Plzeň');
INSERT INTO library (id, name, url, catalog_url, city) VALUES (138, 'IIR', 'iir.cz', 'katalog.iir.cz:8080/Carmen/', 'Praha');
INSERT INTO library (id, name, url, catalog_url, city) VALUES (139, 'MANUSCRIPTORIUM', 'www.manuscriptorium.com', 'www.manuscriptorium.com', NULL);
INSERT INTO library (id, name, url, catalog_url, city) VALUES (140, 'MKUO', 'knihovna-uo.cz', 'vufind.knihovna-uo.cz/vufind/', 'Ústí nad Orlicí');
INSERT INTO library (id, name, url, catalog_url, city) VALUES (141, 'OSOBNOSTI', 'osobnostiregionu.cz', 'http://hledani.osobnostiregionu.cz/', NULL);
INSERT INTO library (id, name, url, catalog_url, city) VALUES (142, 'BMC', 'nlk.cz', 'www.medvik.cz/bmc/', NULL);
INSERT INTO library (id, name, url, catalog_url, city) VALUES (143, 'KFBZ', 'kfbz.cz', 'katalog.kfbz.cz/', 'Zlín');
INSERT INTO library (id, name, url, catalog_url, city) VALUES (144, 'ZAKONY', 'zakonyprolidi.cz', '', NULL);
INSERT INTO library (id, name, url, catalog_url, city) VALUES (146, 'MKPR', 'http://knihovnaprerov.cz/', 'katalog.knihovnaprerov.cz/', 'Přerov');
INSERT INTO library (id, name, url, catalog_url, city) VALUES (147, 'UPV', 'http://upv.cz/', 'https://isdv.upv.cz/webapp/pts.frm', NULL);
INSERT INTO library (id, name, url, catalog_url, city) VALUES (148, 'NPMK', 'http://npmk.cz/', 'http://katalog.npmk.cz/', NULL);
INSERT INTO library (id, name, url, catalog_url, city) VALUES (149, 'MUZIBIB', 'https://www.lib.cas.cz/', '', NULL);
INSERT INTO library (id, name, url, catalog_url, city) VALUES (400, 'AUTHORITY', 'nkp.cz', 'aleph.nkp.cz', NULL);

INSERT INTO format(format, description) VALUES('marc21-xml', 'MARC21 XML');
INSERT INTO format(format, description) VALUES('xml-marc', 'MARC21 XML');
INSERT INTO format(format, description) VALUES('marccpk', 'MARC21 XML');
INSERT INTO format(format, description) VALUES('oai_marcxml_cpk', 'MARC21 XML');
INSERT INTO format(format, description) VALUES('marc21e', 'MARC21 XML');
INSERT INTO format(format, description) VALUES('dublinCore', 'Dublin Core');
INSERT INTO format(format, description) VALUES('ese', 'Dublin Core');

INSERT INTO import_conf (id, library_id, contact_person_id, id_prefix, base_weight, cluster_id_enabled, filtering_enabled, interception_enabled, is_library, harvest_frequency) VALUES (300, 100, 200, 'mzk', 13, true, false, false, true, 'D');
INSERT INTO import_conf (id, library_id, contact_person_id, id_prefix, base_weight, cluster_id_enabled, filtering_enabled, interception_enabled, is_library, harvest_frequency) VALUES (301, 101, 200, 'nlk', 14, false, false, true, true, 'D');
INSERT INTO import_conf (id, library_id, contact_person_id, id_prefix, base_weight, cluster_id_enabled, filtering_enabled, interception_enabled, is_library, harvest_frequency) VALUES (302, 102, 200, 'mkp', 8, false, false, false, true, 'D');
INSERT INTO import_conf (id, library_id, contact_person_id, id_prefix, base_weight, cluster_id_enabled, filtering_enabled, interception_enabled, is_library, harvest_frequency) VALUES (303, 103, 200, 'kjm', 0, false, false, false, true, 'U');
INSERT INTO import_conf (id, library_id, contact_person_id, id_prefix, base_weight, cluster_id_enabled, filtering_enabled, interception_enabled, is_library, harvest_frequency) VALUES (304, 104, 200, 'nkp', 14, true, false, false, true, 'D');
INSERT INTO import_conf (id, library_id, contact_person_id, id_prefix, base_weight, cluster_id_enabled, filtering_enabled, interception_enabled, is_library, harvest_frequency) VALUES (305, 105, 200, 'vpk', 14, false, false, false, true, 'U');
INSERT INTO import_conf (id, library_id, contact_person_id, id_prefix, base_weight, cluster_id_enabled, filtering_enabled, interception_enabled, is_library, harvest_frequency) VALUES (306, 106, 200, 'tre', 11, false, true, false, true, 'D');
INSERT INTO import_conf (id, library_id, contact_person_id, id_prefix, base_weight, cluster_id_enabled, filtering_enabled, interception_enabled, is_library, harvest_frequency) VALUES (307, 107, 200, 'ntk', 14, false, false, false, true, 'D');
INSERT INTO import_conf (id, library_id, contact_person_id, id_prefix, base_weight, cluster_id_enabled, filtering_enabled, interception_enabled, is_library, harvest_frequency) VALUES (308, 108, 200, 'kvkl', 13, false, false, false, true, 'D');
INSERT INTO import_conf (id, library_id, contact_person_id, id_prefix, base_weight, cluster_id_enabled, filtering_enabled, interception_enabled, is_library, harvest_frequency) VALUES (309, 109, 200, 'vpk', 14, false, false, false, true, 'U');
INSERT INTO import_conf (id, library_id, contact_person_id, id_prefix, base_weight, cluster_id_enabled, filtering_enabled, interception_enabled, is_library, harvest_frequency) VALUES (311, 111, 200, 'vkta', 10, false, false, false, true, 'D');
INSERT INTO import_conf (id, library_id, contact_person_id, id_prefix, base_weight, cluster_id_enabled, filtering_enabled, interception_enabled, is_library, harvest_frequency) VALUES (312, 112, 200, 'kkvy', 12, false, false, true, true, 'U');
INSERT INTO import_conf (id, library_id, contact_person_id, id_prefix, base_weight, cluster_id_enabled, filtering_enabled, interception_enabled, is_library, harvest_frequency) VALUES (313, 113, 200, 'svkhk', 10, false, false, false, true, 'D');
INSERT INTO import_conf (id, library_id, contact_person_id, id_prefix, base_weight, cluster_id_enabled, filtering_enabled, interception_enabled, is_library, harvest_frequency) VALUES (314, 114, 200, 'svkul', 13, false, false, false, true, 'D');
INSERT INTO import_conf (id, library_id, contact_person_id, id_prefix, base_weight, cluster_id_enabled, filtering_enabled, interception_enabled, is_library, harvest_frequency) VALUES (315, 115, 200, 'vkol', 14, true, false, false, true, 'D');
INSERT INTO import_conf (id, library_id, contact_person_id, id_prefix, base_weight, cluster_id_enabled, filtering_enabled, interception_enabled, is_library, harvest_frequency) VALUES (316, 116, 200, 'caslin', 11, false, true, true, false, 'D');
INSERT INTO import_conf (id, library_id, contact_person_id, id_prefix, base_weight, cluster_id_enabled, filtering_enabled, interception_enabled, is_library, harvest_frequency) VALUES (317, 117, 200, 'nkp2', 14, false, false, false, true, 'D');
INSERT INTO import_conf (id, library_id, contact_person_id, id_prefix, base_weight, cluster_id_enabled, filtering_enabled, interception_enabled, is_library, harvest_frequency) VALUES (318, 118, 200, 'sfxjib', 8, false, false, false, false, 'U');
INSERT INTO import_conf (id, library_id, contact_person_id, id_prefix, base_weight, cluster_id_enabled, filtering_enabled, interception_enabled, is_library, harvest_frequency) VALUES (319, 119, 200, 'anl', 14, false, false, false, false, 'U');
INSERT INTO import_conf (id, library_id, contact_person_id, id_prefix, base_weight, cluster_id_enabled, filtering_enabled, interception_enabled, is_library, harvest_frequency) VALUES (320, 120, 200, 'unmz', 10, false, false, true, false, 'D');
INSERT INTO import_conf (id, library_id, contact_person_id, id_prefix, base_weight, cluster_id_enabled, filtering_enabled, interception_enabled, is_library, harvest_frequency) VALUES (321, 104, 200, 'nkp', 10, false, false, false, true, 'U');
INSERT INTO import_conf (id, library_id, contact_person_id, id_prefix, base_weight, cluster_id_enabled, filtering_enabled, interception_enabled, is_library, harvest_frequency) VALUES (322, 122, 200, 'kpsys', 12, false, false, false, true, 'D');
INSERT INTO import_conf (id, library_id, contact_person_id, id_prefix, base_weight, cluster_id_enabled, filtering_enabled, interception_enabled, is_library, harvest_frequency) VALUES (323, 123, 200, 'cnb', 11, false, false, false, false, 'U');
INSERT INTO import_conf (id, library_id, contact_person_id, id_prefix, base_weight, cluster_id_enabled, filtering_enabled, interception_enabled, is_library, harvest_frequency) VALUES (324, 100, 200, 'mzk', 13, true, false, false, true, 'D');
INSERT INTO import_conf (id, library_id, contact_person_id, id_prefix, base_weight, cluster_id_enabled, filtering_enabled, interception_enabled, is_library, harvest_frequency) VALUES (325, 104, 200, 'nkp', 11, false, false, false, true, 'U');
INSERT INTO import_conf (id, library_id, contact_person_id, id_prefix, base_weight, cluster_id_enabled, filtering_enabled, interception_enabled, is_library, harvest_frequency) VALUES (326, 104, 200, 'nkp', 11, false, false, false, true, 'U');
INSERT INTO import_conf (id, library_id, contact_person_id, id_prefix, base_weight, cluster_id_enabled, filtering_enabled, interception_enabled, is_library, harvest_frequency) VALUES (327, 127, 200, 'openlib', 8, false, false, true, false, 'U');
INSERT INTO import_conf (id, library_id, contact_person_id, id_prefix, base_weight, cluster_id_enabled, filtering_enabled, interception_enabled, is_library, harvest_frequency) VALUES (328, 128, 200, 'cbvk', 13, false, false, false, true, 'D');
INSERT INTO import_conf (id, library_id, contact_person_id, id_prefix, base_weight, cluster_id_enabled, filtering_enabled, interception_enabled, is_library, harvest_frequency) VALUES (329, 129, 200, 'vktatest', 10, false, false, false, true, 'U');
INSERT INTO import_conf (id, library_id, contact_person_id, id_prefix, base_weight, cluster_id_enabled, filtering_enabled, interception_enabled, is_library, harvest_frequency) VALUES (330, 130, 200, 'knav', 11, false, false, false, true, 'D');
INSERT INTO import_conf (id, library_id, contact_person_id, id_prefix, base_weight, cluster_id_enabled, filtering_enabled, interception_enabled, is_library, harvest_frequency,generate_dedup_keys) VALUES (331, 131, 200, 'bcbt', 8, false, false, false, false, 'U',false);
INSERT INTO import_conf (id, library_id, contact_person_id, id_prefix, base_weight, cluster_id_enabled, filtering_enabled, interception_enabled, is_library, harvest_frequency) VALUES (332, 132, 200, 'kkkv', 12, false, false, false, true, 'U');
INSERT INTO import_conf (id, library_id, contact_person_id, id_prefix, base_weight, cluster_id_enabled, filtering_enabled, interception_enabled, is_library, harvest_frequency) VALUES (333, 133, 200, 'kkpc', 11, false, false, false, true, 'U');
INSERT INTO import_conf (id, library_id, contact_person_id, id_prefix, base_weight, cluster_id_enabled, filtering_enabled, interception_enabled, is_library, harvest_frequency) VALUES (334, 134, 200, 'mkkh', 11, false, false, false, true, 'D');
INSERT INTO import_conf (id, library_id, contact_person_id, id_prefix, base_weight, cluster_id_enabled, filtering_enabled, interception_enabled, is_library, harvest_frequency) VALUES (335, 135, 200, 'svkos', 13, false, false, false, true, 'U');
INSERT INTO import_conf (id, library_id, contact_person_id, id_prefix, base_weight, cluster_id_enabled, filtering_enabled, interception_enabled, is_library, harvest_frequency) VALUES (336, 136, 200, 'svkkl', 13, false, false, false, true, 'D');
INSERT INTO import_conf (id, library_id, contact_person_id, id_prefix, base_weight, cluster_id_enabled, filtering_enabled, interception_enabled, is_library, harvest_frequency) VALUES (337, 137, 200, 'svkpk', 14, false, false, false, true, 'U');
INSERT INTO import_conf (id, library_id, contact_person_id, id_prefix, base_weight, cluster_id_enabled, filtering_enabled, interception_enabled, is_library, harvest_frequency) VALUES (338, 138, 200, 'iir', 12, false, false, false, true, 'D');
INSERT INTO import_conf (id, library_id, contact_person_id, id_prefix, base_weight, cluster_id_enabled, filtering_enabled, interception_enabled, is_library, harvest_frequency) VALUES (339, 139, 200, 'manuscript', 8, false, false, false, false, 'U');
INSERT INTO import_conf (id, library_id, contact_person_id, id_prefix, base_weight, cluster_id_enabled, filtering_enabled, interception_enabled, is_library, harvest_frequency) VALUES (340, 140, 200, 'mkuo', 8, false, true, false, true, 'D');
INSERT INTO import_conf (id, library_id, contact_person_id, id_prefix, base_weight, cluster_id_enabled, filtering_enabled, interception_enabled, is_library, harvest_frequency,mapping_script) VALUES (341, 141, 200, 'osobnosti', 0, false, false, false, false, 'U', 'AuthorityMarc.groovy');
INSERT INTO import_conf (id, library_id, contact_person_id, id_prefix, base_weight, cluster_id_enabled, filtering_enabled, interception_enabled, is_library, harvest_frequency) VALUES (342, 142, 200, 'bmc', 8, false, false, false, false, 'D');
INSERT INTO import_conf (id, library_id, contact_person_id, id_prefix, base_weight, cluster_id_enabled, filtering_enabled, interception_enabled, is_library, harvest_frequency) VALUES (343, 143, 200, 'kfbz', 12, false, false, false, true, 'D');
INSERT INTO import_conf (id, library_id, contact_person_id, id_prefix, base_weight, cluster_id_enabled, filtering_enabled, interception_enabled, is_library, harvest_frequency) VALUES (344, 144, 200, 'zakony', 8, false, true, false, false, 'U');
INSERT INTO import_conf (id, library_id, contact_person_id, id_prefix, base_weight, cluster_id_enabled, filtering_enabled, interception_enabled, is_library, harvest_frequency) VALUES (345, 102, 200, 'mkpe', 8, false, false, false, true, 'U');
INSERT INTO import_conf (id, library_id, contact_person_id, id_prefix, base_weight, cluster_id_enabled, filtering_enabled, interception_enabled, is_library, harvest_frequency) VALUES (346, 146, 200, 'mkpr', 9, false, false, false, true, 'U');
INSERT INTO import_conf (id, library_id, contact_person_id, id_prefix, base_weight, cluster_id_enabled, filtering_enabled, interception_enabled, is_library, harvest_frequency,generate_dedup_keys) VALUES (347, 147, 200, 'upv', 8, false, false, false, false, 'U',false);
INSERT INTO import_conf (id, library_id, contact_person_id, id_prefix, base_weight, cluster_id_enabled, filtering_enabled, interception_enabled, is_library, harvest_frequency) VALUES (348, 148, 200, 'npmk', 11, false, false, false, false, 'U');
INSERT INTO import_conf (id, library_id, contact_person_id, id_prefix, base_weight, cluster_id_enabled, filtering_enabled, interception_enabled, is_library, harvest_frequency) VALUES (349, 149, 200, 'muzibib', 9, false, false, false, false, 'U');
INSERT INTO import_conf (id, library_id, contact_person_id, id_prefix, base_weight, cluster_id_enabled, filtering_enabled, interception_enabled, is_library, harvest_frequency,mapping_script) VALUES (400, 400, 200, 'auth', 0, false, true, false, false, 'D','AuthorityMarc.groovy');
INSERT INTO import_conf (id, library_id, contact_person_id, id_prefix, base_weight, cluster_id_enabled, filtering_enabled, interception_enabled, is_library, harvest_frequency) VALUES (500, 110, 200, 'antik', null, false, false, false, false, 'U');
INSERT INTO import_conf (id, library_id, contact_person_id, id_prefix, base_weight, cluster_id_enabled, filtering_enabled, interception_enabled, is_library, harvest_frequency) VALUES (1300, 100, 200, 'sfxjibmzk', 8, false, false, false, true, 'U');
INSERT INTO import_conf (id, library_id, contact_person_id, id_prefix, base_weight, cluster_id_enabled, filtering_enabled, interception_enabled, is_library, harvest_frequency) VALUES (1301, 101, 200, 'sfxjibnlk', 8, false, false, false, true, 'U');
INSERT INTO import_conf (id, library_id, contact_person_id, id_prefix, base_weight, cluster_id_enabled, filtering_enabled, interception_enabled, is_library, harvest_frequency) VALUES (1302, 101, 200, 'sfxnlkper', 8, false, false, false, true, 'U');
INSERT INTO import_conf (id, library_id, contact_person_id, id_prefix, base_weight, cluster_id_enabled, filtering_enabled, interception_enabled, is_library, harvest_frequency) VALUES (1304, 130, 200, 'sfxknav', 8, false, false, false, true, 'U');

INSERT INTO oai_harvest_conf (import_conf_id,url,set_spec,metadata_prefix,granularity) VALUES (300,'http://aleph.mzk.cz/OAI','MZK01-CPK','marc21','SECOND');
INSERT INTO oai_harvest_conf (import_conf_id,url,set_spec,metadata_prefix,granularity) VALUES (301,'http://oai.medvik.cz/medvik2cpk/oai',null,'xml-marc','DAY');
INSERT INTO oai_harvest_conf (import_conf_id,url,set_spec,metadata_prefix,granularity) VALUES (302,'http://web2.mlp.cz/cgi/oaie','cpk','marc21e',null);
INSERT INTO oai_harvest_conf (import_conf_id,url,set_spec,metadata_prefix,granularity) VALUES (303,'http://katalog.kjm.cz/l.dll',null,'marc21','DAY');
INSERT INTO oai_harvest_conf (import_conf_id,url,set_spec,metadata_prefix,granularity) VALUES (304,'http://aleph.nkp.cz/OAI','NKC','marc21','SECOND');
INSERT INTO oai_harvest_conf (import_conf_id,url,set_spec,metadata_prefix,granularity) VALUES (305,'http://sc.vpk.cz/cgi-bin/oai2',null,'marc21',null);
INSERT INTO oai_harvest_conf (import_conf_id,url,set_spec,metadata_prefix,granularity,extract_id_regex) VALUES (306,'http://opac.moderniknihovna.cz/cgi-bin/koha/oai.pl','CPK','marccpk',NULL,'UOG505:(.*)');
INSERT INTO oai_harvest_conf (import_conf_id,url,set_spec,metadata_prefix,granularity) VALUES (307,'http://aleph.techlib.cz/OAI','CPK','marc21','SECOND');
INSERT INTO oai_harvest_conf (import_conf_id,url,set_spec,metadata_prefix,granularity) VALUES (308,'http://93.99.138.143/i2/i2.ws.oai.cls','CPK1','oai_marcxml_cpk',NULL);
INSERT INTO oai_harvest_conf (import_conf_id,url,set_spec,metadata_prefix,granularity) VALUES (309,'http://sc.vpk.cz/cgi-bin/oai2',null,'marc21','SECOND');
INSERT INTO oai_harvest_conf (import_conf_id,url,set_spec,metadata_prefix,granularity) VALUES (311,'http://www.vkta.cz/Clavius/l.dll','CPK','marc21',NULL);
INSERT INTO oai_harvest_conf (import_conf_id,url,set_spec,metadata_prefix,granularity) VALUES (312,'http://www.kkvysociny.cz/clavius/l.dll','CPK','marc21',NULL);
INSERT INTO oai_harvest_conf (import_conf_id,url,set_spec,metadata_prefix,granularity) VALUES (313,'http://aleph.svkhk.cz/OAI','HKAOAI','marc21',NULL);
INSERT INTO oai_harvest_conf (import_conf_id,url,set_spec,metadata_prefix,granularity) VALUES (314,'http://katalog.svkul.cz/l.dll','CPK','marc21',NULL);
INSERT INTO oai_harvest_conf (import_conf_id,url,set_spec,metadata_prefix,granularity) VALUES (315,'http://aleph.vkol.cz/OAI','VKOLOAI','marc21',NULL);
INSERT INTO oai_harvest_conf (import_conf_id,url,set_spec,metadata_prefix,granularity) VALUES (316,'http://aleph.nkp.cz/OAI','SKC','marc21',NULL);
INSERT INTO oai_harvest_conf (import_conf_id,url,set_spec,metadata_prefix,granularity) VALUES (317,'http://aleph.nkp.cz/OAI','NKC-CPK','marc21',NULL);
INSERT INTO oai_harvest_conf (import_conf_id,url,set_spec,metadata_prefix,granularity,extract_id_regex) VALUES (320,'http://aleph.mzk.cz/OAI','MZK04','marc21',NULL,'[^:]+:[^:]+:MZK04-(.*)');
INSERT INTO oai_harvest_conf (import_conf_id,url,set_spec,metadata_prefix,granularity) VALUES (322,'http://portaro.eu/pracovni/api/oai','0','marc21',NULL);
INSERT INTO oai_harvest_conf (import_conf_id,url,set_spec,metadata_prefix,granularity) VALUES (323,'http://aleph.nkp.cz/OAI','CNB','marc21',NULL);
INSERT INTO oai_harvest_conf (import_conf_id,url,set_spec,metadata_prefix,granularity) VALUES (324,'http://aleph.mzk.cz/OAI','MZK03-CPK','marc21','SECOND');
INSERT INTO oai_harvest_conf (import_conf_id,url,set_spec,metadata_prefix,granularity) VALUES (327,NULL,NULL,'marc21',NULL);
INSERT INTO oai_harvest_conf (import_conf_id,url,set_spec,metadata_prefix,granularity) VALUES (328,'http://katalog.cbvk.cz/i2/i2.ws.oai.cls','CPK1','oai_marcxml_cpk',NULL);
INSERT INTO oai_harvest_conf (import_conf_id,url,set_spec,metadata_prefix,granularity) VALUES (329,'http://www.clavius.sk/carmentest/l.dll','CPK','marc21',NULL);
INSERT INTO oai_harvest_conf (import_conf_id,url,set_spec,metadata_prefix,granularity) VALUES (330,'http://aleph.lib.cas.cz/OAI','KNA','marc21',NULL);
INSERT INTO oai_harvest_conf (import_conf_id,url,set_spec,metadata_prefix,granularity) VALUES (331,NULL,NULL,'marc21',NULL);
INSERT INTO oai_harvest_conf (import_conf_id,url,set_spec,metadata_prefix,granularity) VALUES (332,NULL,NULL,'marc21',NULL);
INSERT INTO oai_harvest_conf (import_conf_id,url,set_spec,metadata_prefix,granularity) VALUES (333,'http://aleph.knihovna-pardubice.cz/OAI','PAG_OAI_CPK_MARC21','marc21',NULL);
INSERT INTO oai_harvest_conf (import_conf_id,url,set_spec,metadata_prefix,granularity) VALUES (334,'http://109.73.209.153/clavius/l.dll','CPK','marc21',NULL);
INSERT INTO oai_harvest_conf (import_conf_id,url,set_spec,metadata_prefix,granularity) VALUES (335,'http://katalog.svkos.cz/OAI','MZK-CPK','marc21',NULL);
INSERT INTO oai_harvest_conf (import_conf_id,url,set_spec,metadata_prefix,granularity) VALUES (336,'http://svk7.svkkl.cz/i2/i2.ws.oai.cls','CPK1','oai_marcxml_cpk',NULL);
INSERT INTO oai_harvest_conf (import_conf_id,url,set_spec,metadata_prefix,granularity) VALUES (337,NULL,NULL,'marc21',NULL);
INSERT INTO oai_harvest_conf (import_conf_id,url,set_spec,metadata_prefix,granularity) VALUES (338,'http://katalogold.iir.cz:81/l.dll','CPK','marc21',NULL);
INSERT INTO oai_harvest_conf (import_conf_id,url,set_spec,metadata_prefix,granularity) VALUES (339,'http://dbase.aipberoun.cz/manu3/oai/','digitized-xr','ese',NULL);
INSERT INTO oai_harvest_conf (import_conf_id,url,set_spec,metadata_prefix,granularity,extract_id_regex) VALUES (340,'http://katalog-usti.knihovna-uo.cz/cgi-bin/koha/oai.pl','CPK','marccpk',NULL,'UOG001:(.*)');
INSERT INTO oai_harvest_conf (import_conf_id,url,set_spec,metadata_prefix,granularity) VALUES (342,'http://oai.medvik.cz/bmc/oai',NULL,'xml-marc',NULL);
INSERT INTO oai_harvest_conf (import_conf_id,url,set_spec,metadata_prefix,granularity) VALUES (343,'http://katalog.kfbz.cz/api/oai','0','marc21',NULL);
INSERT INTO oai_harvest_conf (import_conf_id,url,set_spec,metadata_prefix,granularity) VALUES (344,NULL,NULL,'marc21',NULL);
INSERT INTO oai_harvest_conf (import_conf_id,url,set_spec,metadata_prefix,granularity, extract_id_regex, harvest_job_name) VALUES (345, 'http://web2.mlp.cz/cgi/oai', 'ebook', 'marc21', null, null, null);
INSERT INTO oai_harvest_conf (import_conf_id,url,set_spec,metadata_prefix,granularity) VALUES (346,'http://katalog.knihovnaprerov.cz/l.dll','CPK','marc21',NULL);
INSERT INTO oai_harvest_conf (import_conf_id,url,set_spec,metadata_prefix,granularity) VALUES (347,NULL,NULL,'marc21',NULL);
INSERT INTO oai_harvest_conf (import_conf_id,url,set_spec,metadata_prefix,granularity) VALUES (348,'http://katalog.npmk.cz/api/oai','4','marc21',NULL);
INSERT INTO oai_harvest_conf (import_conf_id,url,set_spec,metadata_prefix,granularity) VALUES (349,'http://aleph.lib.cas.cz/OAI','EUHB','marc21',NULL);
INSERT INTO oai_harvest_conf (import_conf_id,url,set_spec,metadata_prefix,granularity) VALUES (400,'http://aleph.nkp.cz/OAI','AUT','marc21',null);
INSERT INTO oai_harvest_conf (import_conf_id,url,set_spec,metadata_prefix,granularity) VALUES (1300,NULL,NULL,'marc21',NULL);
INSERT INTO oai_harvest_conf (import_conf_id,url,set_spec,metadata_prefix,granularity) VALUES (1301,NULL,NULL,'marc21',NULL); 
INSERT INTO oai_harvest_conf (import_conf_id,url,set_spec,metadata_prefix,granularity) VALUES (1302,NULL,NULL,'marc21',NULL);
INSERT INTO oai_harvest_conf (import_conf_id,url,set_spec,metadata_prefix,granularity) VALUES (1304,NULL,NULL,'marc21',NULL);


INSERT INTO kramerius_conf (import_conf_id,url,query_rows,metadata_stream, fulltext_harvest_type, url_solr) VALUES (99001,'http://kramerius.mzk.cz/search/api/v5.0',20,'DC','solr','http://kramerius.mzk.cz/solr/select/');
INSERT INTO kramerius_conf (import_conf_id,url,query_rows,metadata_stream) VALUES (99002,'http://k4.techlib.cz/search/api/v5.0',20,'DC');
INSERT INTO kramerius_conf (import_conf_id,url,query_rows,metadata_stream) VALUES (99003,'http://kramerius.lib.cas.cz/search/api/v5.0',20,'DC');
INSERT INTO kramerius_conf (import_conf_id,url,query_rows,metadata_stream) VALUES (99004,'http://kramerius4.nkp.cz/search/api/v5.0',20,'DC');

INSERT INTO download_import_conf (import_conf_id,url,import_job_name,format,extract_id_regex) VALUES (319,'local:/data/imports/aleph.ANL','importOaiRecordsJob',null,'[^:]+:(.*)');
INSERT INTO download_import_conf (import_conf_id,url,import_job_name,format,extract_id_regex) VALUES (321,'local:/data/imports/aleph.SLK','importOaiRecordsJob',null,'s/[^:]+:(.*)/SLK01-$1/');
INSERT INTO download_import_conf (import_conf_id,url,import_job_name,format,extract_id_regex) VALUES (325,'local:/data/imports/aleph.KKL','importOaiRecordsJob',null,'s/[^:]+:(.*)/KKL01-$1/');
INSERT INTO download_import_conf (import_conf_id,url,import_job_name,format,extract_id_regex) VALUES (326,'local:/data/imports/aleph.STT','importOaiRecordsJob',null,'s/[^:]+:(.*)/STT01-$1/');
INSERT INTO download_import_conf (import_conf_id,url,import_job_name,format) VALUES (341,'http://www.osobnostiregionu.cz/export_online.php','downloadAndImportRecordsJob','osobnosti');
INSERT INTO download_import_conf (import_conf_id,url,import_job_name) VALUES (500,'http://muj-antikvariat.cz/oai-all.xml','antikvariatyImportRecordsJob');

INSERT INTO harvested_record_format(id, name) VALUES (1, 'BOOKS'); 
INSERT INTO harvested_record_format(id, name) VALUES (2, 'PERIODICALS');
INSERT INTO harvested_record_format(id, name) VALUES (3, 'ARTICLES');
INSERT INTO harvested_record_format(id, name) VALUES (4, 'MAPS');
INSERT INTO harvested_record_format(id, name) VALUES (5, 'MUSICAL_SCORES'); 
INSERT INTO harvested_record_format(id, name) VALUES (6, 'VISUAL_DOCUMENTS'); 
INSERT INTO harvested_record_format(id, name) VALUES (7, 'MANUSCRIPTS');
INSERT INTO harvested_record_format(id, name) VALUES (8, 'OTHER_MICROFORMS');
INSERT INTO harvested_record_format(id, name) VALUES (9, 'LARGE_PRINTS'); 
INSERT INTO harvested_record_format(id, name) VALUES (10, 'OTHER_BRAILLE');
INSERT INTO harvested_record_format(id, name) VALUES (11, 'ELECTRONIC_SOURCE'); 
INSERT INTO harvested_record_format(id, name) VALUES (12, 'AUDIO_DOCUMENTS'); 
INSERT INTO harvested_record_format(id, name) VALUES (13, 'AUDIO_CD');
INSERT INTO harvested_record_format(id, name) VALUES (14, 'AUDIO_DVD'); 
INSERT INTO harvested_record_format(id, name) VALUES (15, 'AUDIO_LP'); 
INSERT INTO harvested_record_format(id, name) VALUES (16, 'AUDIO_CASSETTE'); 
INSERT INTO harvested_record_format(id, name) VALUES (17, 'AUDIO_OTHER'); 
INSERT INTO harvested_record_format(id, name) VALUES (18, 'VIDEO_DOCUMENTS');
INSERT INTO harvested_record_format(id, name) VALUES (19, 'VIDEO_BLURAY');
INSERT INTO harvested_record_format(id, name) VALUES (20, 'VIDEO_VHS');
INSERT INTO harvested_record_format(id, name) VALUES (21, 'VIDEO_DVD');
INSERT INTO harvested_record_format(id, name) VALUES (22, 'VIDEO_CD');
INSERT INTO harvested_record_format(id, name) VALUES (23, 'VIDEO_OTHER');
INSERT INTO harvested_record_format(id, name) VALUES (24, 'OTHER_KIT');
INSERT INTO harvested_record_format(id, name) VALUES (25, 'OTHER_OBJECT');
INSERT INTO harvested_record_format(id, name) VALUES (26, 'OTHER_MIX_DOCUMENT');
INSERT INTO harvested_record_format(id, name) VALUES (27, 'NORMS');
INSERT INTO harvested_record_format(id, name) VALUES (28, 'OTHER_PERSON');
INSERT INTO harvested_record_format(id, name) VALUES (29, 'LEGISLATIVE_GOVERNMENT_ORDERS');
INSERT INTO harvested_record_format(id, name) VALUES (30, 'LEGISLATIVE_REGULATIONS');
INSERT INTO harvested_record_format(id, name) VALUES (31, 'LEGISLATIVE_COMMUNICATION');
INSERT INTO harvested_record_format(id, name) VALUES (32, 'LEGISLATIVE_LAWS');
INSERT INTO harvested_record_format(id, name) VALUES (33, 'LEGISLATIVE_LAWS_TEXT');
INSERT INTO harvested_record_format(id, name) VALUES (34, 'LEGISLATIVE_FINDING');
INSERT INTO harvested_record_format(id, name) VALUES (35, 'LEGISLATIVE_CONSTITUTIONAL_LAWS');
INSERT INTO harvested_record_format(id, name) VALUES (36, 'LEGISLATIVE_DECISIONS');
INSERT INTO harvested_record_format(id, name) VALUES (37, 'LEGISLATIVE_DECREES');
INSERT INTO harvested_record_format(id, name) VALUES (38, 'LEGISLATIVE_EDICTS');
INSERT INTO harvested_record_format(id, name) VALUES (39, 'LEGISLATIVE_RESOLUTIONS');
INSERT INTO harvested_record_format(id, name) VALUES (40, 'LEGISLATIVE_MEASURES');
INSERT INTO harvested_record_format(id, name) VALUES (41, 'LEGISLATIVE_DIRECTIVES');
INSERT INTO harvested_record_format(id, name) VALUES (42, 'LEGISLATIVE_TREATIES');
INSERT INTO harvested_record_format(id, name) VALUES (43, 'LEGISLATIVE_EDITORIAL');
INSERT INTO harvested_record_format(id, name) VALUES (44, 'LEGISLATIVE_RULES');
INSERT INTO harvested_record_format(id, name) VALUES (45, 'LEGISLATIVE_ORDERS');
INSERT INTO harvested_record_format(id, name) VALUES (46, 'LEGISLATIVE_PROCEDURES');
INSERT INTO harvested_record_format(id, name) VALUES (47, 'LEGISLATIVE_STATUTES');
INSERT INTO harvested_record_format(id, name) VALUES (48, 'LEGISLATIVE_CONVENTIONS');
INSERT INTO harvested_record_format(id, name) VALUES (49, 'LEGISLATIVE_PRINCIPLES');
INSERT INTO harvested_record_format(id, name) VALUES (50, 'LEGISLATIVE_AGREEMENTS');
INSERT INTO harvested_record_format(id, name) VALUES (51, 'LEGISLATIVE_GUIDELINES');
INSERT INTO harvested_record_format(id, name) VALUES (52, 'LEGISLATIVE_ORDINANCES');
INSERT INTO harvested_record_format(id, name) VALUES (53, 'LEGISLATIVE_SENATE_MEASURES');
INSERT INTO harvested_record_format(id, name) VALUES (54, 'LEGISLATIVE_CONDITIONS');
INSERT INTO harvested_record_format(id, name) VALUES (55, 'LEGISLATIVE_OTHERS');
INSERT INTO harvested_record_format(id, name) VALUES (56, 'LEGISLATIVE_NOTICE');
INSERT INTO harvested_record_format(id, name) VALUES (57, 'LEGISLATIVE_CODE');
INSERT INTO harvested_record_format(id, name) VALUES (58, 'PATENTS');
INSERT INTO harvested_record_format(id, name) VALUES (59, 'OTHER_COMPUTER_CARRIER');
INSERT INTO harvested_record_format(id, name) VALUES (60, 'OTHER_OTHER');
INSERT INTO harvested_record_format(id, name) VALUES (61, 'PATENTS_UTILITY_MODELS');
INSERT INTO harvested_record_format(id, name) VALUES (62, 'PATENTS_PATENT_APPLICATIONS');
INSERT INTO harvested_record_format(id, name) VALUES (63, 'PATENTS_PATENTS');
INSERT INTO harvested_record_format(id, name) VALUES (100, 'OTHER_UNSPECIFIED');

INSERT INTO sigla (id, import_conf_id, sigla) VALUES (1, 300, 'BOA001');
INSERT INTO sigla (id, import_conf_id, sigla) VALUES (2, 301, 'ABA008');
INSERT INTO sigla (id, import_conf_id, sigla) VALUES (3, 302, 'ABG001');
INSERT INTO sigla (id, import_conf_id, sigla) VALUES (5, 304, 'ABA001');
INSERT INTO sigla (id, import_conf_id, sigla) VALUES (6, 304, 'ABA003');
INSERT INTO sigla (id, import_conf_id, sigla) VALUES (7, 304, 'ABA018');
INSERT INTO sigla (id, import_conf_id, sigla) VALUES (8, 304, 'ABA019');
INSERT INTO sigla (id, import_conf_id, sigla) VALUES (9, 304, 'ABA025');
INSERT INTO sigla (id, import_conf_id, sigla) VALUES (10, 306, 'UOG505');
INSERT INTO sigla (id, import_conf_id, sigla) VALUES (11, 306, 'UOG011');
INSERT INTO sigla (id, import_conf_id, sigla) VALUES (12, 307, 'ABA013');
INSERT INTO sigla (id, import_conf_id, sigla) VALUES (13, 307, 'ABA031');
INSERT INTO sigla (id, import_conf_id, sigla) VALUES (14, 308, 'LIA001');
INSERT INTO sigla (id, import_conf_id, sigla) VALUES (15, 311, 'TAG001');
INSERT INTO sigla (id, import_conf_id, sigla) VALUES (16, 312, 'HBG001');
INSERT INTO sigla (id, import_conf_id, sigla) VALUES (17, 313, 'HKA001');
INSERT INTO sigla (id, import_conf_id, sigla) VALUES (18, 314, 'ULG001');
INSERT INTO sigla (id, import_conf_id, sigla) VALUES (19, 315, 'OLA001');
INSERT INTO sigla (id, import_conf_id, sigla) VALUES (20, 321, 'ABA004');
INSERT INTO sigla (id, import_conf_id, sigla) VALUES (21, 322, 'ZLG001');
INSERT INTO sigla (id, import_conf_id, sigla) VALUES (22, 324, 'BOA001');
INSERT INTO sigla (id, import_conf_id, sigla) VALUES (23, 325, 'ABA003');
INSERT INTO sigla (id, import_conf_id, sigla) VALUES (24, 328, 'CBA001');
INSERT INTO sigla (id, import_conf_id, sigla) VALUES (25, 330, 'ABA007');
INSERT INTO sigla (id, import_conf_id, sigla) VALUES (28, 334, 'KHG001');
INSERT INTO sigla (id, import_conf_id, sigla) VALUES (29, 335, 'OSA001');
INSERT INTO sigla (id, import_conf_id, sigla) VALUES (30, 336, 'KLG001');
INSERT INTO sigla (id, import_conf_id, sigla) VALUES (32, 338, 'ABC016');
INSERT INTO sigla (id, import_conf_id, sigla) VALUES (33, 340, 'UOG001');
INSERT INTO sigla (id, import_conf_id, sigla) VALUES (34, 340, 'UOG009');
INSERT INTO sigla (id, import_conf_id, sigla) VALUES (35, 340, 'UOG010');
